,wavelength,intensity
0,300.0,0.0
1,300.1,0.0
2,300.2,0.0
3,300.3,0.0
4,300.4,0.0
5,300.5,0.0
6,300.6,0.0
7,300.7,0.0
8,300.8,0.0
9,300.9,0.0
10,301.0,0.0
11,301.1,0.0
12,301.2,0.0
13,301.3,0.007
14,301.4,0.081
15,301.5,0.813
16,301.6,6.459
17,301.7,41.52
18,301.8,216.7
19,301.9,906.97
20,302.0,3077.026
21,302.1,8509.0
22,302.2,19340.494
23,302.3,36619.562
24,302.4,58700.0
25,302.5,80962.092
26,302.6,97084.493
27,302.7,101100.0
28,302.8,90398.06
29,302.9,68261.643
30,303.0,42840.0
31,303.1,22080.648
32,303.2,9265.991
33,303.3,3149.0
34,303.4,864.152
35,303.5,190.741
36,303.6,34.04
37,303.7,4.88
38,303.8,0.556
39,303.9,0.052
40,304.0,0.004
41,304.1,0.0
42,304.2,0.0
43,304.3,0.0
44,304.4,0.0
45,304.5,0.0
46,304.6,0.0
47,304.7,0.0
48,304.8,0.0
49,304.9,0.0
50,305.0,0.0
51,305.1,0.0
52,305.2,0.0
53,305.3,0.0
54,305.4,0.0
55,305.5,0.0
56,305.6,0.0
57,305.7,0.0
58,305.8,0.0
59,305.9,0.0
60,306.0,0.0
61,306.1,0.0
62,306.2,0.0
63,306.3,0.004
64,306.4,0.045
65,306.5,0.479
66,306.6,4.049
67,306.7,27.618
68,306.8,153.771
69,306.9,691.3
70,307.0,2529.815
71,307.1,7751.219
72,307.2,21780.0
73,307.3,72111.862
74,307.4,336751.147
75,307.5,1777000.0
76,307.6,8334915.953
77,307.7,32566804.003
78,307.8,103600000.002
79,307.9,266902496.156
80,308.0,557395248.066
81,308.1,943100000.007
82,308.2,1293233041.257
83,308.3,1436777591.165
84,308.4,1292999999.995
85,308.5,944072757.682
86,308.6,564380043.656
87,308.7,297499999.996
88,308.8,213320946.351
89,308.9,351917261.499
90,309.0,761800000.011
91,309.1,1445290331.309
92,309.2,2242333602.285
93,309.3,2827000000.008
94,309.4,2892447389.774
95,309.5,2401676221.218
96,309.6,1617999999.983
97,309.7,884666772.112
98,309.8,392385584.91
99,309.9,141199999.996
100,310.0,41238813.24
101,310.1,9762414.093
102,310.2,1880000.0
103,310.3,289900.954
104,310.4,37062.923
105,310.5,3818.0
106,310.6,306.973
107,310.7,22.927
108,310.8,1.183
109,310.9,0.024
110,311.0,0.007
111,311.1,0.0
112,311.2,0.0
113,311.3,0.0
114,311.4,0.001
115,311.5,0.002
116,311.6,0.002
117,311.7,0.003
118,311.8,0.003
119,311.9,0.004
120,312.0,0.004
121,312.1,0.004
122,312.2,0.004
123,312.3,0.005
124,312.4,0.005
125,312.5,0.005
126,312.6,0.005
127,312.7,0.005
128,312.8,0.005
129,312.9,0.005
130,313.0,0.005
131,313.1,0.005
132,313.2,0.005
133,313.3,0.005
134,313.4,0.005
135,313.5,0.005
136,313.6,0.005
137,313.7,0.004
138,313.8,0.004
139,313.9,0.004
140,314.0,0.004
141,314.1,0.004
142,314.2,0.003
143,314.3,0.003
144,314.4,0.003
145,314.5,0.003
146,314.6,0.003
147,314.7,0.002
148,314.8,0.002
149,314.9,0.002
150,315.0,0.002
151,315.1,0.001
152,315.2,0.001
153,315.3,0.001
154,315.4,0.001
155,315.5,0.001
156,315.6,0.0
157,315.7,0.0
158,315.8,0.0
159,315.9,0.0
160,316.0,0.0
161,316.1,0.0
162,316.2,0.0
163,316.3,0.0
164,316.4,0.0
165,316.5,0.0
166,316.6,0.0
167,316.7,0.0
168,316.8,0.0
169,316.9,0.0
170,317.0,0.0
171,317.1,0.0
172,317.2,0.0
173,317.3,0.0
174,317.4,0.0
175,317.5,0.0
176,317.6,0.0
177,317.7,0.0
178,317.8,0.001
179,317.9,0.002
180,318.0,0.002
181,318.1,0.003
182,318.2,0.004
183,318.3,0.004
184,318.4,0.005
185,318.5,0.004
186,318.6,0.004
187,318.7,0.003
188,318.8,0.001
189,318.9,0.001
190,319.0,0.0
191,319.1,0.0
192,319.2,0.0
193,319.3,0.0
194,319.4,0.0
195,319.5,0.0
196,319.6,0.0
197,319.7,0.0
198,319.8,0.0
199,319.9,0.0
200,320.0,0.0
201,320.1,0.0
202,320.2,0.0
203,320.3,0.0
204,320.4,0.0
205,320.5,0.0
206,320.6,0.0
207,320.7,0.0
208,320.8,0.0
209,320.9,0.0
210,321.0,0.0
211,321.1,0.0
212,321.2,0.0
213,321.3,0.0
214,321.4,0.0
215,321.5,0.0
216,321.6,0.0
217,321.7,0.0
218,321.8,0.0
219,321.9,0.0
220,322.0,0.0
221,322.1,0.0
222,322.2,0.0
223,322.3,0.0
224,322.4,0.0
225,322.5,0.0
226,322.6,0.0
227,322.7,0.0
228,322.8,0.0
229,322.9,0.0
230,323.0,0.0
231,323.1,0.0
232,323.2,0.0
233,323.3,0.0
234,323.4,0.0
235,323.5,0.0
236,323.6,0.0
237,323.7,0.0
238,323.8,0.0
239,323.9,0.0
240,324.0,0.0
241,324.1,0.0
242,324.2,0.0
243,324.3,0.0
244,324.4,0.0
245,324.5,0.0
246,324.6,0.0
247,324.7,0.0
248,324.8,0.0
249,324.9,0.0
250,325.0,0.0
251,325.1,0.0
252,325.2,0.0
253,325.3,0.0
254,325.4,0.0
255,325.5,0.0
256,325.6,0.0
257,325.7,0.0
258,325.8,0.0
259,325.9,0.0
260,326.0,0.0
261,326.1,0.0
262,326.2,0.0
263,326.3,0.004
264,326.4,0.051
265,326.5,0.487
266,326.6,4.004
267,326.7,26.64
268,326.8,147.269
269,326.9,679.116
270,327.0,2604.0
271,327.1,8262.346
272,327.2,21773.001
273,327.3,47600.0
274,327.4,86381.107
275,327.5,130111.988
276,327.6,162700.0
277,327.7,168941.342
278,327.8,145497.581
279,327.9,104100.0
280,328.0,61775.208
281,328.1,30443.57
282,328.2,12450.0
283,328.3,4223.502
284,328.4,1188.634
285,328.5,278.5
286,328.6,53.799
287,328.7,8.647
288,328.8,1.165
289,328.9,0.131
290,329.0,0.011
291,329.1,0.001
292,329.2,0.0
293,329.3,0.0
294,329.4,0.0
295,329.5,0.0
296,329.6,0.0
297,329.7,0.0
298,329.8,0.0
299,329.9,0.0
300,330.0,0.0
301,330.1,0.0
302,330.2,0.0
303,330.3,0.0
304,330.4,0.0
305,330.5,0.0
306,330.6,0.0
307,330.7,0.0
308,330.8,0.0
309,330.9,0.0
310,331.0,0.0
311,331.1,0.0
312,331.2,0.0
313,331.3,0.0
314,331.4,0.0
315,331.5,0.0
316,331.6,0.0
317,331.7,0.0
318,331.8,0.0
319,331.9,0.0
320,332.0,0.0
321,332.1,0.0
322,332.2,0.0
323,332.3,0.0
324,332.4,0.0
325,332.5,0.0
326,332.6,0.0
327,332.7,0.0
328,332.8,0.0
329,332.9,0.0
330,333.0,0.0
331,333.1,0.0
332,333.2,0.0
333,333.3,0.0
334,333.4,0.0
335,333.5,0.0
336,333.6,0.0
337,333.7,0.0
338,333.8,0.0
339,333.9,0.005
340,334.0,0.045
341,334.1,0.383
342,334.2,2.646
343,334.3,15.342
344,334.4,74.858
345,334.5,306.3
346,334.6,1044.973
347,334.7,2987.549
348,334.8,7146.0
349,334.9,14305.444
350,335.0,23965.798
351,335.1,33610.0
352,335.2,39442.695
353,335.3,38741.577
354,335.4,31860.0
355,335.5,21928.421
356,335.6,12627.477
357,335.7,6088.0
358,335.8,2456.542
359,335.9,829.168
360,336.0,234.5
361,336.1,55.316
362,336.2,10.93
363,336.3,1.821
364,336.4,0.254
365,336.5,0.029
366,336.6,0.003
367,336.7,0.0
368,336.8,0.0
369,336.9,0.0
370,337.0,0.0
371,337.1,0.0
372,337.2,0.0
373,337.3,0.0
374,337.4,0.0
375,337.5,0.0
376,337.6,0.0
377,337.7,0.0
378,337.8,0.0
379,337.9,0.0
380,338.0,0.0
381,338.1,0.0
382,338.2,0.0
383,338.3,0.0
384,338.4,0.0
385,338.5,0.0
386,338.6,0.0
387,338.7,0.0
388,338.8,0.0
389,338.9,0.0
390,339.0,0.0
391,339.1,0.0
392,339.2,0.0
393,339.3,0.0
394,339.4,0.0
395,339.5,0.0
396,339.6,0.0
397,339.7,0.0
398,339.8,0.0
399,339.9,0.0
400,340.0,0.0
401,340.1,0.0
402,340.2,0.0
403,340.3,0.0
404,340.4,0.0
405,340.5,0.0
406,340.6,0.0
407,340.7,0.0
408,340.8,0.0
409,340.9,0.0
410,341.0,0.0
411,341.1,0.0
412,341.2,0.0
413,341.3,0.0
414,341.4,0.0
415,341.5,0.0
416,341.6,0.004
417,341.7,0.039
418,341.8,0.316
419,341.9,2.201
420,342.0,12.98
421,342.1,63.96
422,342.2,267.08
423,342.3,941.6
424,342.4,2794.857
425,342.5,6999.972
426,342.6,14790.0
427,342.7,26365.222
428,342.8,39646.909
429,342.9,50300.0
430,343.0,53838.602
431,343.1,48612.23
432,343.2,37040.0
433,343.3,23809.864
434,343.4,12910.634
435,343.5,5905.0
436,343.6,2278.574
437,343.7,741.69
438,343.8,203.9
439,343.9,47.255
440,344.0,9.205
441,344.1,1.524
442,344.2,0.212
443,344.3,0.025
444,344.4,0.002
445,344.5,0.0
446,344.6,0.0
447,344.7,0.0
448,344.8,0.0
449,344.9,0.0
450,345.0,0.0
451,345.1,0.0
452,345.2,0.0
453,345.3,0.0
454,345.4,0.0
455,345.5,0.0
456,345.6,0.0
457,345.7,0.0
458,345.8,0.0
459,345.9,0.0
460,346.0,0.0
461,346.1,0.0
462,346.2,0.0
463,346.3,0.0
464,346.4,0.0
465,346.5,0.0
466,346.6,0.0
467,346.7,0.0
468,346.8,0.0
469,346.9,0.0
470,347.0,0.0
471,347.1,0.0
472,347.2,0.0
473,347.3,0.0
474,347.4,0.0
475,347.5,0.0
476,347.6,0.0
477,347.7,0.0
478,347.8,0.0
479,347.9,0.0
480,348.0,0.0
481,348.1,0.0
482,348.2,0.0
483,348.3,0.0
484,348.4,0.0
485,348.5,0.0
486,348.6,0.0
487,348.7,0.0
488,348.8,0.0
489,348.9,0.0
490,349.0,0.0
491,349.1,0.0
492,349.2,0.0
493,349.3,0.0
494,349.4,0.0
495,349.5,0.0
496,349.6,0.0
497,349.7,0.0
498,349.8,0.0
499,349.9,0.0
500,350.0,0.0
501,350.1,0.0
502,350.2,0.0
503,350.3,0.0
504,350.4,0.0
505,350.5,0.0
506,350.6,0.0
507,350.7,0.0
508,350.8,0.0
509,350.9,0.0
510,351.0,0.0
511,351.1,0.0
512,351.2,0.0
513,351.3,0.0
514,351.4,0.0
515,351.5,0.0
516,351.6,0.0
517,351.7,0.0
518,351.8,0.0
519,351.9,0.0
520,352.0,0.0
521,352.1,0.001
522,352.2,0.002
523,352.3,0.003
524,352.4,0.005
525,352.5,0.007
526,352.6,0.007
527,352.7,0.006
528,352.8,0.005
529,352.9,0.003
530,353.0,0.002
531,353.1,0.001
532,353.2,0.0
533,353.3,0.0
534,353.4,0.0
535,353.5,0.0
536,353.6,0.0
537,353.7,0.0
538,353.8,0.0
539,353.9,0.0
540,354.0,0.0
541,354.1,0.0
542,354.2,0.0
543,354.3,0.0
544,354.4,0.0
545,354.5,0.0
546,354.6,0.0
547,354.7,0.0
548,354.8,0.0
549,354.9,0.0
550,355.0,0.0
551,355.1,0.0
552,355.2,0.0
553,355.3,0.0
554,355.4,0.0
555,355.5,0.0
556,355.6,0.0
557,355.7,0.0
558,355.8,0.0
559,355.9,0.0
560,356.0,0.0
561,356.1,0.0
562,356.2,0.0
563,356.3,0.0
564,356.4,0.0
565,356.5,0.0
566,356.6,0.0
567,356.7,0.0
568,356.8,0.0
569,356.9,0.0
570,357.0,0.001
571,357.1,0.013
572,357.2,0.14
573,357.3,1.561
574,357.4,14.146
575,357.5,112.021
576,357.6,753.6
577,357.7,4336.702
578,357.8,21521.138
579,357.9,91430.0
580,358.0,333011.401
581,358.1,1041851.688
582,358.2,2795000.0
583,358.3,6438308.73
584,358.4,12724920.478
585,358.5,21590000.001
586,358.6,31463645.937
587,358.7,39346648.634
588,358.8,42260000.0
589,358.9,38977816.948
590,359.0,30861375.128
591,359.1,20979999.999
592,359.2,12251827.254
593,359.3,6144662.963
594,359.4,2645000.0
595,359.5,977955.139
596,359.6,310425.113
597,359.7,84640.0
598,359.8,19759.271
599,359.9,4018.809
600,360.0,777.6
601,360.1,229.582
602,360.2,168.507
603,360.3,162.8
604,360.4,143.575
605,360.5,109.472
606,360.6,72.49
607,360.7,43.423
608,360.8,27.845
609,360.9,26.31
610,361.0,36.267
611,361.1,53.058
612,361.2,70.08
613,361.3,80.225
614,361.4,78.963
615,361.5,66.72
616,361.6,48.368
617,361.7,30.086
618,361.8,16.05
619,361.9,7.35
620,362.0,2.887
621,362.1,0.973
622,362.2,0.281
623,362.3,0.07
624,362.4,0.015
625,362.5,0.003
626,362.6,0.0
627,362.7,0.0
628,362.8,0.0
629,362.9,0.0
630,363.0,0.0
631,363.1,0.0
632,363.2,0.0
633,363.3,0.0
634,363.4,0.0
635,363.5,0.003
636,363.6,0.027
637,363.7,0.216
638,363.8,1.488
639,363.9,8.799
640,364.0,44.989
641,364.1,200.56
642,364.2,774.9
643,364.3,2607.196
644,364.4,7669.077
645,364.5,19750.0
646,364.6,44624.85
647,364.7,88854.247
648,364.8,156200.0
649,364.9,244279.952
650,365.0,342730.936
651,365.1,437400.0
652,365.2,517327.802
653,365.3,577916.166
654,365.4,616100.0
655,365.5,623075.591
656,365.6,586654.528
657,365.7,502400.0
658,365.8,383503.571
659,365.9,257429.301
660,366.0,150500.0
661,366.1,76309.022
662,366.2,33427.875
663,366.3,12640.0
664,366.4,4118.308
665,366.5,1155.836
666,366.6,279.8
667,366.7,58.27
668,366.8,10.411
669,366.9,1.615
670,367.0,0.215
671,367.1,0.024
672,367.2,0.002
673,367.3,0.0
674,367.4,0.0
675,367.5,0.0
676,367.6,0.0
677,367.7,0.0
678,367.8,0.0
679,367.9,0.0
680,368.0,0.0
681,368.1,0.0
682,368.2,0.0
683,368.3,0.0
684,368.4,0.0
685,368.5,0.0
686,368.6,0.0
687,368.7,0.0
688,368.8,0.001
689,368.9,0.013
690,369.0,0.12
691,369.1,0.903
692,369.2,5.757
693,369.3,32.46
694,369.4,156.434
695,369.5,653.429
696,369.6,2357.0
697,369.7,7345.675
698,369.8,19791.102
699,369.9,46100.0
700,370.0,92781.369
701,370.1,161413.674
702,370.2,242800.0
703,370.3,315694.792
704,370.4,354657.926
705,370.5,344500.0
706,370.6,289193.744
707,370.7,209908.348
708,370.8,131600.0
709,370.9,71382.681
710,371.0,33453.473
711,371.1,13550.0
712,371.2,4747.276
713,371.3,1436.811
714,371.4,379.8
715,371.5,89.052
716,371.6,19.871
717,371.7,5.199
718,371.8,1.888
719,371.9,0.849
720,372.0,0.386
721,372.1,0.243
722,372.2,0.697
723,372.3,3.937
724,372.4,20.358
725,372.5,91.963
726,372.6,359.5
727,372.7,1218.311
728,372.8,3583.057
729,372.9,9162.0
730,373.0,20396.265
731,373.1,39676.018
732,373.2,67910.0
733,373.3,103290.939
734,373.4,141680.701
735,373.5,178600.0
736,373.6,210411.19
737,373.7,233726.623
738,373.8,243900.0
739,373.9,235442.197
740,374.0,206457.976
741,374.1,161800.0
742,374.2,111884.351
743,374.3,67837.596
744,374.4,35860.0
745,374.5,16487.1
746,374.6,6581.948
747,374.7,2281.0
748,374.8,684.298
749,374.9,178.144
750,375.0,40.32
751,375.1,7.907
752,375.2,1.317
753,375.3,0.197
754,375.4,0.026
755,375.5,0.003
756,375.6,0.0
757,375.7,0.0
758,375.8,0.0
759,375.9,0.0
760,376.0,0.0
761,376.1,0.0
762,376.2,0.0
763,376.3,0.0
764,376.4,0.0
765,376.5,0.0
766,376.6,0.0
767,376.7,0.0
768,376.8,0.0
769,376.9,0.0
770,377.0,0.0
771,377.1,0.0
772,377.2,0.0
773,377.3,0.0
774,377.4,0.0
775,377.5,0.0
776,377.6,0.0
777,377.7,0.0
778,377.8,0.0
779,377.9,0.0
780,378.0,0.0
781,378.1,0.0
782,378.2,0.0
783,378.3,0.0
784,378.4,0.0
785,378.5,0.0
786,378.6,0.0
787,378.7,0.0
788,378.8,0.0
789,378.9,0.0
790,379.0,0.0
791,379.1,0.0
792,379.2,0.0
793,379.3,0.0
794,379.4,0.0
795,379.5,0.0
796,379.6,0.0
797,379.7,0.0
798,379.8,0.0
799,379.9,0.0
800,380.0,0.0
801,380.1,0.0
802,380.2,0.0
803,380.3,0.0
804,380.4,0.0
805,380.5,0.0
806,380.6,0.0
807,380.7,0.0
808,380.8,0.0
809,380.9,0.0
810,381.0,0.0
811,381.1,0.0
812,381.2,0.0
813,381.3,0.0
814,381.4,0.0
815,381.5,0.0
816,381.6,0.0
817,381.7,0.0
818,381.8,0.0
819,381.9,0.0
820,382.0,0.0
821,382.1,0.0
822,382.2,0.0
823,382.3,0.0
824,382.4,0.0
825,382.5,0.0
826,382.6,0.0
827,382.7,0.0
828,382.8,0.0
829,382.9,0.0
830,383.0,0.0
831,383.1,0.0
832,383.2,0.0
833,383.3,0.0
834,383.4,0.0
835,383.5,0.0
836,383.6,0.0
837,383.7,0.0
838,383.8,0.0
839,383.9,0.0
840,384.0,0.0
841,384.1,0.0
842,384.2,0.0
843,384.3,0.0
844,384.4,0.0
845,384.5,0.0
846,384.6,0.0
847,384.7,0.0
848,384.8,0.0
849,384.9,0.0
850,385.0,0.0
851,385.1,0.002
852,385.2,0.016
853,385.3,0.115
854,385.4,0.718
855,385.5,4.023
856,385.6,19.494
857,385.7,82.359
858,385.8,306.4
859,385.9,993.82
860,386.0,2820.697
861,386.1,7003.0
862,386.2,15207.216
863,386.3,28900.167
864,386.4,48040.0
865,386.5,69853.485
866,386.6,88863.692
867,386.7,98900.0
868,386.8,96289.69
869,386.9,82011.958
870,387.0,61110.0
871,387.1,39835.141
872,387.2,22721.18
873,387.3,11330.0
874,387.4,4946.245
875,387.5,1887.47
876,387.6,630.8
877,387.7,184.347
878,387.8,46.926
879,387.9,10.54
880,388.0,2.066
881,388.1,0.35
882,388.2,0.053
883,388.3,0.007
884,388.4,0.001
885,388.5,0.0
886,388.6,0.0
887,388.7,0.0
888,388.8,0.0
889,388.9,0.0
890,389.0,0.0
891,389.1,0.0
892,389.2,0.0
893,389.3,0.0
894,389.4,0.0
895,389.5,0.0
896,389.6,0.0
897,389.7,0.0
898,389.8,0.0
899,389.9,0.0
900,390.0,0.0
901,390.1,0.0
902,390.2,0.0
903,390.3,0.0
904,390.4,0.0
905,390.5,0.0
906,390.6,0.0
907,390.7,0.0
908,390.8,0.0
909,390.9,0.0
910,391.0,0.0
911,391.1,0.0
912,391.2,0.0
913,391.3,0.0
914,391.4,0.0
915,391.5,0.0
916,391.6,0.0
917,391.7,0.0
918,391.8,0.0
919,391.9,0.0
920,392.0,0.0
921,392.1,0.0
922,392.2,0.0
923,392.3,0.0
924,392.4,0.0
925,392.5,0.006
926,392.6,0.052
927,392.7,0.648
928,392.8,6.401
929,392.9,50.799
930,393.0,389.8
931,393.1,2550.477
932,393.2,14492.226
933,393.3,73760.0
934,393.4,327395.284
935,393.5,1276544.016
936,393.6,4391000.001
937,393.7,13256775.526
938,393.8,35195702.359
939,393.9,82210000.014
940,394.0,168845118.263
941,394.1,304907087.489
942,394.2,484300000.041
943,394.3,676363483.333
944,394.4,830677322.823
945,394.5,897300000.002
946,394.6,852404094.277
947,394.7,712007468.487
948,394.8,523099999.958
949,394.9,337951690.685
950,395.0,192072205.098
951,395.1,96249999.984
952,395.2,43514243.799
953,395.3,21231486.369
954,395.4,21350000.002
955,395.5,46030904.439
956,395.6,110067779.813
957,395.7,238500000.037
958,395.8,456613291.857
959,395.9,769752989.598
960,396.0,1142000000.083
961,396.1,1492138519.808
962,396.2,1716869381.015
963,396.3,1738999999.981
964,396.4,1550809102.466
965,396.5,1217098193.563
966,396.6,841399999.92
967,396.7,512027820.059
968,396.8,274359511.51
969,396.9,129399999.977
970,397.0,53723273.631
971,397.1,19641573.149
972,397.2,6322999.998
973,397.3,1791295.781
974,397.4,445131.313
975,397.5,98190.0
976,397.6,19050.877
977,397.7,3175.659
978,397.8,484.7
979,397.9,65.371
980,398.0,6.886
981,398.1,0.776
982,398.2,0.122
983,398.3,0.2
984,398.4,1.055
985,398.5,5.095
986,398.6,21.91
987,398.7,83.13
988,398.8,278.383
989,398.9,822.655
990,399.0,2149.0
991,399.1,4954.248
992,399.2,10076.789
993,399.3,18110.0
994,399.4,28718.665
995,399.5,40221.957
996,399.6,49730.0
997,399.7,54288.339
998,399.8,52314.547
999,399.9,44520.0
1000,400.0,33447.615
1001,400.1,22191.292
1002,400.2,13000.0
1003,400.3,6720.239
1004,400.4,3068.177
1005,400.5,1237.0
1006,400.6,440.221
1007,400.7,138.139
1008,400.8,38.39
1009,400.9,9.416
1010,401.0,2.018
1011,401.1,0.391
1012,401.2,0.087
1013,401.3,0.143
1014,401.4,0.76
1015,401.5,3.759
1016,401.6,16.537
1017,401.7,64.2
1018,401.8,220.3
1019,401.9,667.986
1020,402.0,1792.0
1021,402.1,4248.107
1022,402.2,8902.792
1023,402.3,16490.0
1024,402.4,27006.125
1025,402.5,39092.53
1026,402.6,50030.0
1027,402.7,56589.805
1028,402.8,56589.9
1029,402.9,50030.0
1030,403.0,39097.393
1031,403.1,27005.759
1032,403.2,16490.0
1033,403.3,8902.022
1034,403.4,4248.465
1035,403.5,1792.0
1036,403.6,668.273
1037,403.7,220.052
1038,403.8,64.2
1039,403.9,16.551
1040,404.0,3.741
1041,404.1,0.758
1042,404.2,0.136
1043,404.3,0.021
1044,404.4,0.003
1045,404.5,0.0
1046,404.6,0.0
1047,404.7,0.0
1048,404.8,0.0
1049,404.9,0.0
1050,405.0,0.0
1051,405.1,0.0
1052,405.2,0.0
1053,405.3,0.0
1054,405.4,0.0
1055,405.5,0.0
1056,405.6,0.0
1057,405.7,0.0
1058,405.8,0.0
1059,405.9,0.0
1060,406.0,0.0
1061,406.1,0.0
1062,406.2,0.0
1063,406.3,0.0
1064,406.4,0.0
1065,406.5,0.0
1066,406.6,0.0
1067,406.7,0.0
1068,406.8,0.0
1069,406.9,0.0
1070,407.0,0.0
1071,407.1,0.0
1072,407.2,0.0
1073,407.3,0.0
1074,407.4,0.0
1075,407.5,0.0
1076,407.6,0.0
1077,407.7,0.0
1078,407.8,0.001
1079,407.9,0.001
1080,408.0,0.002
1081,408.1,0.003
1082,408.2,0.005
1083,408.3,0.006
1084,408.4,0.006
1085,408.5,0.007
1086,408.6,0.008
1087,408.7,0.009
1088,408.8,0.01
1089,408.9,0.01
1090,409.0,0.01
1091,409.1,0.009
1092,409.2,0.008
1093,409.3,0.005
1094,409.4,0.003
1095,409.5,0.002
1096,409.6,0.001
1097,409.7,0.0
1098,409.8,0.0
1099,409.9,0.0
1100,410.0,0.0
1101,410.1,0.0
1102,410.2,0.0
1103,410.3,0.0
1104,410.4,0.0
1105,410.5,0.0
1106,410.6,0.0
1107,410.7,0.0
1108,410.8,0.0
1109,410.9,0.0
1110,411.0,0.0
1111,411.1,0.0
1112,411.2,0.0
1113,411.3,0.0
1114,411.4,0.0
1115,411.5,0.0
1116,411.6,0.0
1117,411.7,0.0
1118,411.8,0.0
1119,411.9,0.0
1120,412.0,0.0
1121,412.1,0.0
1122,412.2,0.0
1123,412.3,0.0
1124,412.4,0.0
1125,412.5,0.0
1126,412.6,0.0
1127,412.7,0.0
1128,412.8,0.0
1129,412.9,0.0
1130,413.0,0.0
1131,413.1,0.0
1132,413.2,0.0
1133,413.3,0.0
1134,413.4,0.0
1135,413.5,0.0
1136,413.6,0.0
1137,413.7,0.0
1138,413.8,0.0
1139,413.9,0.0
1140,414.0,0.001
1141,414.1,0.005
1142,414.2,0.015
1143,414.3,0.041
1144,414.4,0.099
1145,414.5,0.215
1146,414.6,0.415
1147,414.7,0.715
1148,414.8,1.094
1149,414.9,1.494
1150,415.0,1.815
1151,415.1,1.963
1152,415.2,1.892
1153,415.3,1.624
1154,415.4,1.241
1155,415.5,0.844
1156,415.6,0.512
1157,415.7,0.276
1158,415.8,0.133
1159,415.9,0.057
1160,416.0,0.022
1161,416.1,0.007
1162,416.2,0.002
1163,416.3,0.001
1164,416.4,0.0
1165,416.5,0.0
1166,416.6,0.0
1167,416.7,0.0
1168,416.8,0.0
1169,416.9,0.0
1170,417.0,0.0
1171,417.1,0.0
1172,417.2,0.0
1173,417.3,0.0
1174,417.4,0.0
1175,417.5,0.0
1176,417.6,0.0
1177,417.7,0.0
1178,417.8,0.0
1179,417.9,0.0
1180,418.0,0.0
1181,418.1,0.0
1182,418.2,0.0
1183,418.3,0.0
1184,418.4,0.0
1185,418.5,0.0
1186,418.6,0.0
1187,418.7,0.0
1188,418.8,0.0
1189,418.9,0.0
1190,419.0,0.0
1191,419.1,0.0
1192,419.2,0.0
1193,419.3,0.0
1194,419.4,0.0
1195,419.5,0.0
1196,419.6,0.0
1197,419.7,0.0
1198,419.8,0.0
1199,419.9,0.0
1200,420.0,0.0
1201,420.1,0.0
1202,420.2,0.0
1203,420.3,0.0
1204,420.4,0.0
1205,420.5,0.0
1206,420.6,0.0
1207,420.7,0.0
1208,420.8,0.0
1209,420.9,0.0
1210,421.0,0.001
1211,421.1,0.004
1212,421.2,0.027
1213,421.3,0.154
1214,421.4,0.79
1215,421.5,3.68
1216,421.6,15.249
1217,421.7,56.47
1218,421.8,188.1
1219,421.9,560.136
1220,422.0,1494.172
1221,422.1,3575.0
1222,422.2,7662.789
1223,422.3,14724.96
1224,422.4,25350.0
1225,422.5,39130.515
1226,422.6,54163.918
1227,422.7,67220.0
1228,422.8,74800.29
1229,422.9,74649.357
1230,423.0,66810.0
1231,423.1,53629.01
1232,423.2,38601.487
1233,423.3,24920.0
1234,423.4,14432.181
1235,423.5,7492.629
1236,423.6,3489.0
1237,423.7,1456.782
1238,423.8,545.282
1239,423.9,183.2
1240,424.0,55.162
1241,424.1,14.87
1242,424.2,3.601
1243,424.3,0.782
1244,424.4,0.15
1245,424.5,0.026
1246,424.6,0.004
1247,424.7,0.001
1248,424.8,0.0
1249,424.9,0.0
1250,425.0,0.0
1251,425.1,0.0
1252,425.2,0.0
1253,425.3,0.0
1254,425.4,0.0
1255,425.5,0.0
1256,425.6,0.0
1257,425.7,0.0
1258,425.8,0.0
1259,425.9,0.0
1260,426.0,0.0
1261,426.1,0.0
1262,426.2,0.0
1263,426.3,0.0
1264,426.4,0.0
1265,426.5,0.0
1266,426.6,0.0
1267,426.7,0.0
1268,426.8,0.0
1269,426.9,0.0
1270,427.0,0.0
1271,427.1,0.0
1272,427.2,0.0
1273,427.3,0.0
1274,427.4,0.0
1275,427.5,0.0
1276,427.6,0.0
1277,427.7,0.0
1278,427.8,0.0
1279,427.9,0.0
1280,428.0,0.0
1281,428.1,0.0
1282,428.2,0.0
1283,428.3,0.0
1284,428.4,0.0
1285,428.5,0.0
1286,428.6,0.0
1287,428.7,0.0
1288,428.8,0.0
1289,428.9,0.0
1290,429.0,0.0
1291,429.1,0.0
1292,429.2,0.0
1293,429.3,0.0
1294,429.4,0.0
1295,429.5,0.0
1296,429.6,0.0
1297,429.7,0.0
1298,429.8,0.0
1299,429.9,0.0
1300,430.0,0.0
1301,430.1,0.0
1302,430.2,0.0
1303,430.3,0.0
1304,430.4,0.0
1305,430.5,0.0
1306,430.6,0.0
1307,430.7,0.0
1308,430.8,0.0
1309,430.9,0.0
1310,431.0,0.0
1311,431.1,0.0
1312,431.2,0.0
1313,431.3,0.0
1314,431.4,0.0
1315,431.5,0.0
1316,431.6,0.0
1317,431.7,0.0
1318,431.8,0.0
1319,431.9,0.0
1320,432.0,0.0
1321,432.1,0.0
1322,432.2,0.0
1323,432.3,0.0
1324,432.4,0.0
1325,432.5,0.0
1326,432.6,0.0
1327,432.7,0.0
1328,432.8,0.0
1329,432.9,0.0
1330,433.0,0.001
1331,433.1,0.004
1332,433.2,0.022
1333,433.3,0.12
1334,433.4,0.578
1335,433.5,2.534
1336,433.6,9.948
1337,433.7,35.142
1338,433.8,112.2
1339,433.9,322.05
1340,434.0,833.139
1341,434.1,1942.0
1342,434.2,4076.825
1343,434.3,7712.253
1344,434.4,13150.0
1345,434.5,20185.9
1346,434.6,27928.839
1347,434.7,34820.0
1348,434.8,39105.723
1349,434.9,39565.05
1350,435.0,36080.0
1351,435.1,29633.476
1352,435.2,21930.523
1353,435.3,14620.0
1354,435.4,8783.854
1355,435.5,4753.546
1356,435.6,2317.0
1357,435.7,1017.84
1358,435.8,402.381
1359,435.9,143.5
1360,436.0,46.053
1361,436.1,13.303
1362,436.2,3.473
1363,436.3,0.82
1364,436.4,0.178
1365,436.5,0.041
1366,436.6,0.014
1367,436.7,0.008
1368,436.8,0.006
1369,436.9,0.005
1370,437.0,0.003
1371,437.1,0.002
1372,437.2,0.001
1373,437.3,0.001
1374,437.4,0.0
1375,437.5,0.0
1376,437.6,0.0
1377,437.7,0.0
1378,437.8,0.0
1379,437.9,0.0
1380,438.0,0.0
1381,438.1,0.0
1382,438.2,0.0
1383,438.3,0.0
1384,438.4,0.0
1385,438.5,0.0
1386,438.6,0.0
1387,438.7,0.0
1388,438.8,0.0
1389,438.9,0.0
1390,439.0,0.0
1391,439.1,0.0
1392,439.2,0.0
1393,439.3,0.0
1394,439.4,0.0
1395,439.5,0.0
1396,439.6,0.0
1397,439.7,0.0
1398,439.8,0.0
1399,439.9,0.0
1400,440.0,0.0
1401,440.1,0.0
1402,440.2,0.0
1403,440.3,0.0
1404,440.4,0.0
1405,440.5,0.0
1406,440.6,0.0
1407,440.7,0.0
1408,440.8,0.0
1409,440.9,0.0
1410,441.0,0.0
1411,441.1,0.0
1412,441.2,0.0
1413,441.3,0.0
1414,441.4,0.0
1415,441.5,0.0
1416,441.6,0.0
1417,441.7,0.0
1418,441.8,0.0
1419,441.9,0.0
1420,442.0,0.0
1421,442.1,0.0
1422,442.2,0.0
1423,442.3,0.0
1424,442.4,0.0
1425,442.5,0.0
1426,442.6,0.0
1427,442.7,0.0
1428,442.8,0.0
1429,442.9,0.0
1430,443.0,0.0
1431,443.1,0.0
1432,443.2,0.0
1433,443.3,0.0
1434,443.4,0.0
1435,443.5,0.0
1436,443.6,0.0
1437,443.7,0.0
1438,443.8,0.0
1439,443.9,0.0
1440,444.0,0.0
1441,444.1,0.0
1442,444.2,0.0
1443,444.3,0.0
1444,444.4,0.0
1445,444.5,0.0
1446,444.6,0.0
1447,444.7,0.0
1448,444.8,0.0
1449,444.9,0.0
1450,445.0,0.0
1451,445.1,0.0
1452,445.2,0.0
1453,445.3,0.0
1454,445.4,0.0
1455,445.5,0.0
1456,445.6,0.0
1457,445.7,0.0
1458,445.8,0.0
1459,445.9,0.0
1460,446.0,0.0
1461,446.1,0.0
1462,446.2,0.0
1463,446.3,0.0
1464,446.4,0.0
1465,446.5,0.0
1466,446.6,0.0
1467,446.7,0.0
1468,446.8,0.0
1469,446.9,0.0
1470,447.0,0.0
1471,447.1,0.0
1472,447.2,0.0
1473,447.3,0.0
1474,447.4,0.0
1475,447.5,0.0
1476,447.6,0.0
1477,447.7,0.0
1478,447.8,0.0
1479,447.9,0.0
1480,448.0,0.0
1481,448.1,0.0
1482,448.2,0.0
1483,448.3,0.0
1484,448.4,0.0
1485,448.5,0.0
1486,448.6,0.0
1487,448.7,0.0
1488,448.8,0.0
1489,448.9,0.0
1490,449.0,0.0
1491,449.1,0.0
1492,449.2,0.0
1493,449.3,0.0
1494,449.4,0.0
1495,449.5,0.0
1496,449.6,0.0
1497,449.7,0.0
1498,449.8,0.0
1499,449.9,0.0
1500,450.0,0.001
1501,450.1,0.003
1502,450.2,0.01
1503,450.3,0.031
1504,450.4,0.086
1505,450.5,0.215
1506,450.6,0.486
1507,450.7,0.994
1508,450.8,1.845
1509,450.9,3.104
1510,451.0,4.734
1511,451.1,6.546
1512,451.2,8.203
1513,451.3,9.32
1514,451.4,9.598
1515,451.5,8.961
1516,451.6,7.584
1517,451.7,5.821
1518,451.8,4.056
1519,451.9,2.582
1520,452.0,1.549
1521,452.1,0.996
1522,452.2,0.931
1523,452.3,1.404
1524,452.4,2.528
1525,452.5,4.436
1526,452.6,7.171
1527,452.7,10.55
1528,452.8,14.078
1529,452.9,17.06
1530,453.0,18.75
1531,453.1,18.694
1532,453.2,16.911
1533,453.3,13.88
1534,453.4,10.336
1535,453.5,6.979
1536,453.6,4.276
1537,453.7,2.377
1538,453.8,1.199
1539,453.9,0.549
1540,454.0,0.228
1541,454.1,0.086
1542,454.2,0.029
1543,454.3,0.009
1544,454.4,0.003
1545,454.5,0.001
1546,454.6,0.0
1547,454.7,0.0
1548,454.8,0.0
1549,454.9,0.0
1550,455.0,0.0
1551,455.1,0.0
1552,455.2,0.0
1553,455.3,0.0
1554,455.4,0.0
1555,455.5,0.0
1556,455.6,0.0
1557,455.7,0.0
1558,455.8,0.0
1559,455.9,0.0
1560,456.0,0.0
1561,456.1,0.0
1562,456.2,0.0
1563,456.3,0.0
1564,456.4,0.0
1565,456.5,0.0
1566,456.6,0.0
1567,456.7,0.0
1568,456.8,0.001
1569,456.9,0.007
1570,457.0,0.038
1571,457.1,0.184
1572,457.2,0.814
1573,457.3,3.273
1574,457.4,11.973
1575,457.5,40.02
1576,457.6,121.665
1577,457.7,337.059
1578,457.8,852.5
1579,457.9,1967.679
1580,458.0,4149.332
1581,458.1,8006.0
1582,458.2,14155.536
1583,458.3,22970.822
1584,458.4,34280.0
1585,458.5,47146.049
1586,458.6,59889.705
1587,458.7,70410.0
1588,458.8,76775.998
1589,458.9,77741.804
1590,459.0,73170.0
1591,459.1,64007.992
1592,459.2,52016.471
1593,459.3,39210.0
1594,459.4,27378.763
1595,459.5,17676.356
1596,459.6,10530.0
1597,459.7,5775.152
1598,459.8,2911.938
1599,459.9,1348.0
1600,460.0,571.907
1601,460.1,222.2
1602,460.2,78.96
1603,460.3,25.648
1604,460.4,7.59
1605,460.5,2.061
1606,460.6,0.51
1607,460.7,0.114
1608,460.8,0.024
1609,460.9,0.004
1610,461.0,0.001
1611,461.1,0.0
1612,461.2,0.0
1613,461.3,0.0
1614,461.4,0.0
1615,461.5,0.0
1616,461.6,0.0
1617,461.7,0.0
1618,461.8,0.0
1619,461.9,0.0
1620,462.0,0.0
1621,462.1,0.0
1622,462.2,0.003
1623,462.3,0.016
1624,462.4,0.081
1625,462.5,0.375
1626,462.6,1.591
1627,462.7,6.138
1628,462.8,21.566
1629,462.9,69.36
1630,463.0,203.159
1631,463.1,543.338
1632,463.2,1326.0
1633,463.3,2952.253
1634,463.4,5999.439
1635,463.5,11120.0
1636,463.6,18824.873
1637,463.7,29075.109
1638,463.8,40980.0
1639,463.9,52721.682
1640,464.0,61893.373
1641,464.1,66320.0
1642,464.2,64851.088
1643,464.3,57877.634
1644,464.4,47150.0
1645,464.5,35046.219
1646,464.6,23775.866
1647,464.7,14730.0
1648,464.8,8346.666
1649,464.9,4415.887
1650,465.0,2519.0
1651,465.1,2664.796
1652,465.2,6218.985
1653,465.3,17700.0
1654,465.4,47925.219
1655,465.5,118921.001
1656,465.6,269600.0
1657,465.7,557369.669
1658,465.8,1051237.602
1659,465.9,1808000.0
1660,466.0,2836390.075
1661,466.1,4060168.961
1662,466.2,5300000.0
1663,466.3,6311620.308
1664,466.4,6855399.739
1665,466.5,6793000.0
1666,466.6,6140168.229
1667,466.7,5061524.157
1668,466.8,3807000.0
1669,466.9,2611845.085
1670,467.0,1633980.983
1671,467.1,932700.0
1672,467.2,485569.893
1673,467.3,230618.092
1674,467.4,99900.0
1675,467.5,39471.466
1676,467.6,14227.277
1677,467.7,4679.0
1678,467.8,1402.823
1679,467.9,382.615
1680,468.0,95.79
1681,468.1,21.843
1682,468.2,4.481
1683,468.3,0.857
1684,468.4,0.149
1685,468.5,0.023
1686,468.6,0.003
1687,468.7,0.0
1688,468.8,0.0
1689,468.9,0.0
1690,469.0,0.0
1691,469.1,0.0
1692,469.2,0.0
1693,469.3,0.001
1694,469.4,0.002
1695,469.5,0.003
1696,469.6,0.006
1697,469.7,0.011
1698,469.8,0.017
1699,469.9,0.025
1700,470.0,0.033
1701,470.1,0.04
1702,470.2,0.044
1703,470.3,0.045
1704,470.4,0.041
1705,470.5,0.035
1706,470.6,0.027
1707,470.7,0.019
1708,470.8,0.012
1709,470.9,0.007
1710,471.0,0.004
1711,471.1,0.002
1712,471.2,0.001
1713,471.3,0.0
1714,471.4,0.0
1715,471.5,0.0
1716,471.6,0.0
1717,471.7,0.0
1718,471.8,0.0
1719,471.9,0.0
1720,472.0,0.0
1721,472.1,0.0
1722,472.2,0.0
1723,472.3,0.0
1724,472.4,0.0
1725,472.5,0.0
1726,472.6,0.0
1727,472.7,0.0
1728,472.8,0.0
1729,472.9,0.0
1730,473.0,0.0
1731,473.1,0.0
1732,473.2,0.0
1733,473.3,0.0
1734,473.4,0.0
1735,473.5,0.0
1736,473.6,0.0
1737,473.7,0.0
1738,473.8,0.0
1739,473.9,0.0
1740,474.0,0.0
1741,474.1,0.0
1742,474.2,0.0
1743,474.3,0.0
1744,474.4,0.0
1745,474.5,0.0
1746,474.6,0.0
1747,474.7,0.0
1748,474.8,0.0
1749,474.9,0.0
1750,475.0,0.0
1751,475.1,0.0
1752,475.2,0.0
1753,475.3,0.0
1754,475.4,0.0
1755,475.5,0.0
1756,475.6,0.0
1757,475.7,0.0
1758,475.8,0.0
1759,475.9,0.0
1760,476.0,0.0
1761,476.1,0.0
1762,476.2,0.0
1763,476.3,0.0
1764,476.4,0.0
1765,476.5,0.0
1766,476.6,0.0
1767,476.7,0.0
1768,476.8,0.0
1769,476.9,0.0
1770,477.0,0.0
1771,477.1,0.0
1772,477.2,0.0
1773,477.3,0.0
1774,477.4,0.0
1775,477.5,0.0
1776,477.6,0.0
1777,477.7,0.0
1778,477.8,0.0
1779,477.9,0.0
1780,478.0,0.0
1781,478.1,0.0
1782,478.2,0.0
1783,478.3,0.0
1784,478.4,0.0
1785,478.5,0.0
1786,478.6,0.0
1787,478.7,0.0
1788,478.8,0.0
1789,478.9,0.0
1790,479.0,0.0
1791,479.1,0.0
1792,479.2,0.0
1793,479.3,0.0
1794,479.4,0.0
1795,479.5,0.0
1796,479.6,0.0
1797,479.7,0.0
1798,479.8,0.0
1799,479.9,0.0
1800,480.0,0.0
1801,480.1,0.0
1802,480.2,0.0
1803,480.3,0.0
1804,480.4,0.0
1805,480.5,0.0
1806,480.6,0.0
1807,480.7,0.0
1808,480.8,0.0
1809,480.9,0.0
1810,481.0,0.0
1811,481.1,0.0
1812,481.2,0.0
1813,481.3,0.0
1814,481.4,0.0
1815,481.5,0.0
1816,481.6,0.0
1817,481.7,0.0
1818,481.8,0.0
1819,481.9,0.0
1820,482.0,0.0
1821,482.1,0.0
1822,482.2,0.0
1823,482.3,0.0
1824,482.4,0.0
1825,482.5,0.0
1826,482.6,0.0
1827,482.7,0.0
1828,482.8,0.0
1829,482.9,0.0
1830,483.0,0.0
1831,483.1,0.0
1832,483.2,0.0
1833,483.3,0.0
1834,483.4,0.0
1835,483.5,0.0
1836,483.6,0.0
1837,483.7,0.0
1838,483.8,0.0
1839,483.9,0.0
1840,484.0,0.0
1841,484.1,0.0
1842,484.2,0.0
1843,484.3,0.0
1844,484.4,0.0
1845,484.5,0.0
1846,484.6,0.0
1847,484.7,0.0
1848,484.8,0.0
1849,484.9,0.0
1850,485.0,0.0
1851,485.1,0.0
1852,485.2,0.0
1853,485.3,0.0
1854,485.4,0.0
1855,485.5,0.0
1856,485.6,0.0
1857,485.7,0.0
1858,485.8,0.0
1859,485.9,0.0
1860,486.0,0.0
1861,486.1,0.0
1862,486.2,0.0
1863,486.3,0.0
1864,486.4,0.0
1865,486.5,0.0
1866,486.6,0.0
1867,486.7,0.0
1868,486.8,0.0
1869,486.9,0.0
1870,487.0,0.0
1871,487.1,0.0
1872,487.2,0.0
1873,487.3,0.0
1874,487.4,0.0
1875,487.5,0.0
1876,487.6,0.0
1877,487.7,0.0
1878,487.8,0.0
1879,487.9,0.0
1880,488.0,0.0
1881,488.1,0.0
1882,488.2,0.0
1883,488.3,0.0
1884,488.4,0.0
1885,488.5,0.0
1886,488.6,0.0
1887,488.7,0.0
1888,488.8,0.0
1889,488.9,0.0
1890,489.0,0.0
1891,489.1,0.0
1892,489.2,0.0
1893,489.3,0.0
1894,489.4,0.0
1895,489.5,0.0
1896,489.6,0.001
1897,489.7,0.001
1898,489.8,0.002
1899,489.9,0.004
1900,490.0,0.006
1901,490.1,0.009
1902,490.2,0.013
1903,490.3,0.016
1904,490.4,0.019
1905,490.5,0.021
1906,490.6,0.021
1907,490.7,0.019
1908,490.8,0.016
1909,490.9,0.013
1910,491.0,0.009
1911,491.1,0.006
1912,491.2,0.004
1913,491.3,0.002
1914,491.4,0.001
1915,491.5,0.0
1916,491.6,0.0
1917,491.7,0.0
1918,491.8,0.0
1919,491.9,0.0
1920,492.0,0.0
1921,492.1,0.0
1922,492.2,0.0
1923,492.3,0.0
1924,492.4,0.0
1925,492.5,0.0
1926,492.6,0.0
1927,492.7,0.0
1928,492.8,0.0
1929,492.9,0.0
1930,493.0,0.0
1931,493.1,0.0
1932,493.2,0.0
1933,493.3,0.0
1934,493.4,0.0
1935,493.5,0.0
1936,493.6,0.0
1937,493.7,0.0
1938,493.8,0.0
1939,493.9,0.0
1940,494.0,0.0
1941,494.1,0.0
1942,494.2,0.0
1943,494.3,0.0
1944,494.4,0.0
1945,494.5,0.0
1946,494.6,0.0
1947,494.7,0.0
1948,494.8,0.0
1949,494.9,0.0
1950,495.0,0.0
1951,495.1,0.0
1952,495.2,0.0
1953,495.3,0.0
1954,495.4,0.0
1955,495.5,0.0
1956,495.6,0.0
1957,495.7,0.0
1958,495.8,0.0
1959,495.9,0.0
1960,496.0,0.0
1961,496.1,0.0
1962,496.2,0.0
1963,496.3,0.0
1964,496.4,0.0
1965,496.5,0.0
1966,496.6,0.0
1967,496.7,0.0
1968,496.8,0.0
1969,496.9,0.0
1970,497.0,0.0
1971,497.1,0.0
1972,497.2,0.0
1973,497.3,0.0
1974,497.4,0.0
1975,497.5,0.0
1976,497.6,0.0
1977,497.7,0.0
1978,497.8,0.0
1979,497.9,0.0
1980,498.0,0.0
1981,498.1,0.0
1982,498.2,0.0
1983,498.3,0.0
1984,498.4,0.0
1985,498.5,0.0
1986,498.6,0.0
1987,498.7,0.0
1988,498.8,0.0
1989,498.9,0.0
1990,499.0,0.0
1991,499.1,0.0
1992,499.2,0.0
1993,499.3,0.0
1994,499.4,0.0
1995,499.5,0.0
1996,499.6,0.0
1997,499.7,0.0
1998,499.8,0.0
1999,499.9,0.0
2000,500.0,0.0
2001,500.1,0.0
2002,500.2,0.0
2003,500.3,0.0
2004,500.4,0.0
2005,500.5,0.0
2006,500.6,0.0
2007,500.7,0.0
2008,500.8,0.0
2009,500.9,0.0
2010,501.0,0.0
2011,501.1,0.0
2012,501.2,0.0
2013,501.3,0.0
2014,501.4,0.0
2015,501.5,0.0
2016,501.6,0.0
2017,501.7,0.0
2018,501.8,0.0
2019,501.9,0.0
2020,502.0,0.0
2021,502.1,0.0
2022,502.2,0.0
2023,502.3,0.0
2024,502.4,0.0
2025,502.5,0.0
2026,502.6,0.0
2027,502.7,0.0
2028,502.8,0.0
2029,502.9,0.0
2030,503.0,0.0
2031,503.1,0.0
2032,503.2,0.0
2033,503.3,0.0
2034,503.4,0.0
2035,503.5,0.0
2036,503.6,0.0
2037,503.7,0.0
2038,503.8,0.0
2039,503.9,0.0
2040,504.0,0.0
2041,504.1,0.0
2042,504.2,0.0
2043,504.3,0.0
2044,504.4,0.0
2045,504.5,0.0
2046,504.6,0.0
2047,504.7,0.0
2048,504.8,0.0
2049,504.9,0.0
2050,505.0,0.0
2051,505.1,0.0
2052,505.2,0.0
2053,505.3,0.0
2054,505.4,0.0
2055,505.5,0.0
2056,505.6,0.0
2057,505.7,0.0
2058,505.8,0.0
2059,505.9,0.0
2060,506.0,0.0
2061,506.1,0.0
2062,506.2,0.0
2063,506.3,0.0
2064,506.4,0.0
2065,506.5,0.0
2066,506.6,0.0
2067,506.7,0.0
2068,506.8,0.0
2069,506.9,0.0
2070,507.0,0.0
2071,507.1,0.0
2072,507.2,0.0
2073,507.3,0.0
2074,507.4,0.0
2075,507.5,0.0
2076,507.6,0.0
2077,507.7,0.0
2078,507.8,0.0
2079,507.9,0.0
2080,508.0,0.0
2081,508.1,0.0
2082,508.2,0.0
2083,508.3,0.0
2084,508.4,0.0
2085,508.5,0.0
2086,508.6,0.0
2087,508.7,0.0
2088,508.8,0.0
2089,508.9,0.0
2090,509.0,0.0
2091,509.1,0.0
2092,509.2,0.0
2093,509.3,0.0
2094,509.4,0.0
2095,509.5,0.0
2096,509.6,0.0
2097,509.7,0.0
2098,509.8,0.0
2099,509.9,0.0
2100,510.0,0.0
2101,510.1,0.0
2102,510.2,0.0
2103,510.3,0.0
2104,510.4,0.0
2105,510.5,0.0
2106,510.6,0.0
2107,510.7,0.0
2108,510.8,0.0
2109,510.9,0.0
2110,511.0,0.0
2111,511.1,0.0
2112,511.2,0.0
2113,511.3,0.0
2114,511.4,0.0
2115,511.5,0.0
2116,511.6,0.0
2117,511.7,0.0
2118,511.8,0.0
2119,511.9,0.0
2120,512.0,0.0
2121,512.1,0.0
2122,512.2,0.0
2123,512.3,0.0
2124,512.4,0.001
2125,512.5,0.004
2126,512.6,0.018
2127,512.7,0.081
2128,512.8,0.334
2129,512.9,1.273
2130,513.0,4.534
2131,513.1,14.94
2132,513.2,45.697
2133,513.3,130.0
2134,513.4,342.959
2135,513.5,840.203
2136,513.6,1912.0
2137,513.7,4038.326
2138,513.8,7922.613
2139,513.9,14430.0
2140,514.0,24416.82
2141,514.1,38370.595
2142,514.2,55990.0
2143,514.3,75883.784
2144,514.4,95529.392
2145,514.5,111700.0
2146,514.6,121291.135
2147,514.7,122420.946
2148,514.8,114800.0
2149,514.9,100267.309
2150,515.0,81801.061
2151,515.1,62940.0
2152,515.2,46746.296
2153,515.3,35185.033
2154,515.4,28990.0
2155,515.5,27770.915
2156,515.6,30261.898
2157,515.7,34740.0
2158,515.8,39305.087
2159,515.9,42317.604
2160,516.0,42700.0
2161,516.1,40107.263
2162,516.2,35005.964
2163,516.3,28350.0
2164,516.4,21311.384
2165,516.5,14857.068
2166,516.6,9610.0
2167,516.7,5765.294
2168,516.8,3209.423
2169,516.9,1657.0
2170,517.0,793.346
2171,517.1,352.452
2172,517.2,145.3
2173,517.3,55.522
2174,517.4,19.671
2175,517.5,6.478
2176,517.6,1.977
2177,517.7,0.558
2178,517.8,0.147
2179,517.9,0.036
2180,518.0,0.008
2181,518.1,0.002
2182,518.2,0.0
2183,518.3,0.0
2184,518.4,0.0
2185,518.5,0.0
2186,518.6,0.0
2187,518.7,0.0
2188,518.8,0.0
2189,518.9,0.0
2190,519.0,0.0
2191,519.1,0.0
2192,519.2,0.0
2193,519.3,0.0
2194,519.4,0.0
2195,519.5,0.0
2196,519.6,0.0
2197,519.7,0.0
2198,519.8,0.0
2199,519.9,0.0
2200,520.0,0.0
2201,520.1,0.0
2202,520.2,0.0
2203,520.3,0.0
2204,520.4,0.0
2205,520.5,0.0
2206,520.6,0.0
2207,520.7,0.0
2208,520.8,0.0
2209,520.9,0.0
2210,521.0,0.0
2211,521.1,0.0
2212,521.2,0.0
2213,521.3,0.0
2214,521.4,0.0
2215,521.5,0.0
2216,521.6,0.0
2217,521.7,0.0
2218,521.8,0.0
2219,521.9,0.0
2220,522.0,0.0
2221,522.1,0.0
2222,522.2,0.0
2223,522.3,0.0
2224,522.4,0.0
2225,522.5,0.0
2226,522.6,0.0
2227,522.7,0.0
2228,522.8,0.0
2229,522.9,0.0
2230,523.0,0.0
2231,523.1,0.0
2232,523.2,0.0
2233,523.3,0.0
2234,523.4,0.0
2235,523.5,0.0
2236,523.6,0.0
2237,523.7,0.0
2238,523.8,0.0
2239,523.9,0.0
2240,524.0,0.0
2241,524.1,0.0
2242,524.2,0.0
2243,524.3,0.0
2244,524.4,0.0
2245,524.5,0.0
2246,524.6,0.0
2247,524.7,0.0
2248,524.8,0.0
2249,524.9,0.0
2250,525.0,0.0
2251,525.1,0.0
2252,525.2,0.0
2253,525.3,0.0
2254,525.4,0.0
2255,525.5,0.0
2256,525.6,0.0
2257,525.7,0.0
2258,525.8,0.0
2259,525.9,0.0
2260,526.0,0.0
2261,526.1,0.0
2262,526.2,0.0
2263,526.3,0.0
2264,526.4,0.0
2265,526.5,0.0
2266,526.6,0.0
2267,526.7,0.0
2268,526.8,0.0
2269,526.9,0.0
2270,527.0,0.0
2271,527.1,0.0
2272,527.2,0.0
2273,527.3,0.0
2274,527.4,0.0
2275,527.5,0.0
2276,527.6,0.0
2277,527.7,0.0
2278,527.8,0.0
2279,527.9,0.0
2280,528.0,0.0
2281,528.1,0.0
2282,528.2,0.0
2283,528.3,0.0
2284,528.4,0.0
2285,528.5,0.0
2286,528.6,0.0
2287,528.7,0.0
2288,528.8,0.0
2289,528.9,0.0
2290,529.0,0.0
2291,529.1,0.0
2292,529.2,0.0
2293,529.3,0.0
2294,529.4,0.0
2295,529.5,0.0
2296,529.6,0.0
2297,529.7,0.0
2298,529.8,0.0
2299,529.9,0.0
2300,530.0,0.0
2301,530.1,0.0
2302,530.2,0.0
2303,530.3,0.0
2304,530.4,0.0
2305,530.5,0.0
2306,530.6,0.0
2307,530.7,0.0
2308,530.8,0.0
2309,530.9,0.0
2310,531.0,0.0
2311,531.1,0.0
2312,531.2,0.0
2313,531.3,0.0
2314,531.4,0.0
2315,531.5,0.0
2316,531.6,0.0
2317,531.7,0.0
2318,531.8,0.0
2319,531.9,0.0
2320,532.0,0.0
2321,532.1,0.0
2322,532.2,0.0
2323,532.3,0.0
2324,532.4,0.0
2325,532.5,0.0
2326,532.6,0.0
2327,532.7,0.0
2328,532.8,0.0
2329,532.9,0.0
2330,533.0,0.0
2331,533.1,0.0
2332,533.2,0.0
2333,533.3,0.0
2334,533.4,0.0
2335,533.5,0.0
2336,533.6,0.0
2337,533.7,0.0
2338,533.8,0.0
2339,533.9,0.0
2340,534.0,0.0
2341,534.1,0.0
2342,534.2,0.0
2343,534.3,0.0
2344,534.4,0.0
2345,534.5,0.0
2346,534.6,0.0
2347,534.7,0.0
2348,534.8,0.0
2349,534.9,0.0
2350,535.0,0.0
2351,535.1,0.0
2352,535.2,0.0
2353,535.3,0.0
2354,535.4,0.0
2355,535.5,0.0
2356,535.6,0.0
2357,535.7,0.0
2358,535.8,0.0
2359,535.9,0.0
2360,536.0,0.0
2361,536.1,0.0
2362,536.2,0.0
2363,536.3,0.0
2364,536.4,0.0
2365,536.5,0.0
2366,536.6,0.0
2367,536.7,0.0
2368,536.8,0.0
2369,536.9,0.0
2370,537.0,0.0
2371,537.1,0.0
2372,537.2,0.0
2373,537.3,0.0
2374,537.4,0.0
2375,537.5,0.0
2376,537.6,0.0
2377,537.7,0.0
2378,537.8,0.0
2379,537.9,0.0
2380,538.0,0.0
2381,538.1,0.0
2382,538.2,0.0
2383,538.3,0.0
2384,538.4,0.0
2385,538.5,0.0
2386,538.6,0.0
2387,538.7,0.0
2388,538.8,0.0
2389,538.9,0.0
2390,539.0,0.0
2391,539.1,0.0
2392,539.2,0.0
2393,539.3,0.0
2394,539.4,0.0
2395,539.5,0.0
2396,539.6,0.0
2397,539.7,0.0
2398,539.8,0.0
2399,539.9,0.0
