Wave   ,Sample   ,Dark     ,Reference
230.218,  292.265,  290.315,  293.845
230.311,  323.565,  319.885,  318.565
230.404,  310.865,  309.855,  312.875
230.497,  321.865,  317.385,  315.715
230.591,  332.665,  333.426,  335.355
230.684,  330.565,  326.486,  329.355
230.777,  322.665,  311.736,  314.765
230.870,  318.265,  313.326,  316.955
230.964,  319.965,  310.885,  314.745
231.057,  341.865,  342.496,  343.475
231.150,  335.265,  331.695,  332.715
231.243,  340.265,  330.635,  332.775
231.336,  326.965,  331.375,  331.335
231.430,  328.365,  316.496,  317.715
231.523,  322.265,  324.516,  326.785
231.616,  304.865,  305.445,  309.685
231.709,  345.065,  328.065,  330.025
231.802,  317.265,  300.945,  301.885
231.895,  311.965,  299.836,  300.315
231.988,  331.765,  315.655,  318.535
232.082,  301.065,  298.155,  302.425
232.175,  314.465,  302.155,  306.175
232.268,  319.365,  301.266,  305.345
232.361,  311.465,  304.806,  307.515
232.454,  328.965,  322.396,  323.025
232.547,  333.865,  318.716,  322.655
232.640,  312.765,  296.766,  294.035
232.733,  341.565,  314.116,  323.045
232.826,  314.065,  288.915,  295.035
232.919,  330.065,  313.826,  312.665
233.012,  308.865,  293.646,  292.775
233.105,  318.265,  294.766,  298.815
233.199,  320.865,  299.875,  304.045
233.292,  308.365,  293.475,  296.235
233.385,  269.765,  263.426,  262.225
233.478,  306.965,  293.885,  295.685
233.571,  341.265,  324.586,  327.675
233.664,  315.365,  305.996,  308.435
233.757,  287.965,  280.796,  281.395
233.850,  301.065,  282.255,  285.825
233.943,  306.965,  290.896,  292.195
234.035,  314.765,  300.576,  302.355
234.128,  295.465,  281.836,  283.945
234.221,  306.565,  297.665,  298.245
234.314,  324.065,  304.915,  311.975
234.407,  323.465,  302.935,  309.075
234.500,  296.365,  277.625,  281.875
234.593,  300.765,  287.095,  285.735
234.686,  307.965,  293.746,  293.765
234.779,  306.265,  291.266,  293.165
234.872,  285.465,  281.806,  281.565
234.965,  305.565,  292.806,  290.795
235.058,  291.565,  274.155,  276.215
235.150,  304.665,  285.776,  290.805
235.243,  305.065,  282.736,  284.425
235.336,  317.765,  300.695,  304.545
235.429,  283.365,  273.646,  272.515
235.522,  342.365,  330.996,  335.445
235.615,  280.565,  262.276,  265.145
235.707,  292.865,  282.415,  282.335
235.800,  299.065,  289.815,  290.515
235.893,  308.665,  289.956,  292.955
235.986,  310.065,  298.266,  299.325
236.079,  288.865,  286.586,  291.125
236.171,  291.665,  270.725,  271.865
236.264,  329.065,  312.635,  313.275
236.357,  299.565,  290.986,  293.865
236.450,  322.665,  315.225,  317.215
236.542,  286.465,  267.065,  272.575
236.635,  332.365,  313.546,  316.385
236.728,  296.765,  285.516,  288.115
236.821,  295.165,  280.165,  283.715
236.913,  293.765,  277.896,  276.315
237.006,  282.265,  271.605,  275.435
237.099,  300.765,  283.896,  285.575
237.191,  317.665,  298.796,  300.225
237.284,  287.765,  267.896,  272.995
237.377,  318.665,  294.725,  297.495
237.470,  302.365,  285.415,  287.875
237.562,  295.965,  276.866,  275.785
237.655,  339.065,  320.945,  324.565
237.747,  305.565,  292.695,  295.845
237.840,  333.765,  313.086,  314.435
237.933,  322.365,  300.445,  301.555
238.025,  317.665,  301.415,  301.595
238.118,  296.065,  282.456,  287.755
238.211,  293.065,  268.155,  272.375
238.303,  283.465,  272.296,  273.415
238.396,  273.965,  268.065,  271.945
238.488,  304.865,  292.625,  291.075
238.581,  302.665,  287.855,  289.445
238.673,  297.065,  285.766,  286.865
238.766,  288.565,  282.635,  283.185
238.859,  285.365,  273.586,  276.105
238.951,  287.865,  281.095,  282.835
239.044,  290.965,  276.496,  279.525
239.136,  288.265,  269.035,  271.705
239.229,  282.365,  280.665,  283.435
239.321,  297.765,  271.255,  276.105
239.414,  306.365,  289.875,  292.345
239.506,  297.165,  284.625,  290.655
239.599,  336.665,  316.315,  315.935
239.691,  314.065,  287.945,  287.755
239.784,  321.865,  301.926,  304.175
239.876,  312.865,  295.005,  294.715
239.969,  306.965,  284.426,  288.635
240.061,  291.165,  269.505,  272.655
240.153,  293.165,  276.776,  278.405
240.246,  311.965,  287.635,  287.925
240.338,  328.665,  315.285,  314.405
240.431,  284.365,  268.896,  270.455
240.523,  291.465,  269.315,  270.665
240.615,  314.065,  299.086,  301.495
240.708,  336.565,  309.945,  312.145
240.800,  307.165,  286.956,  289.175
240.893,  290.165,  272.216,  274.965
240.985,  306.665,  286.116,  289.995
241.077,  280.865,  269.866,  271.905
241.170,  318.565,  300.355,  300.805
241.262,  307.965,  293.695,  290.825
241.354,  270.265,  252.305,  253.985
241.447,  294.965,  281.326,  283.905
241.539,  284.265,  266.746,  270.745
241.631,  328.965,  314.366,  317.275
241.724,  275.965,  259.135,  260.655
241.816,  303.765,  279.385,  281.545
241.908,  297.665,  275.056,  280.445
242.000,  288.765,  277.625,  279.505
242.093,  295.365,  277.725,  280.745
242.185,  296.765,  277.736,  277.535
242.277,  293.665,  274.695,  277.115
242.369,  299.565,  282.146,  286.335
242.462,  288.065,  274.405,  274.215
242.554,  292.365,  277.146,  281.105
242.646,  307.065,  283.146,  286.575
242.738,  321.065,  303.255,  307.195
242.830,  281.565,  259.026,  260.415
242.923,  314.165,  297.035,  299.015
243.015,  289.165,  268.655,  266.675
243.107,  288.165,  267.676,  271.255
243.199,  293.865,  276.345,  278.365
243.291,  281.365,  272.125,  276.215
243.383,  263.865,  254.826,  256.465
243.476,  287.665,  269.435,  268.005
243.568,  297.365,  280.915,  284.885
243.660,  291.165,  273.385,  279.575
243.752,  286.865,  279.796,  287.275
243.844,  320.565,  300.766,  302.705
243.936,  308.765,  291.956,  293.555
244.028,  313.465,  304.796,  307.475
244.120,  270.465,  254.346,  255.525
244.212,  304.965,  293.826,  293.755
244.305,  279.365,  268.496,  267.935
244.397,  307.865,  289.165,  291.675
244.489,  316.165,  304.276,  307.925
244.581,  310.565,  299.255,  300.795
244.673,  306.165,  281.806,  283.225
244.765,  296.465,  286.035,  290.565
244.857,  299.865,  284.986,  287.335
244.949,  304.165,  283.956,  284.945
245.041,  267.765,  250.865,  255.005
245.133,  320.265,  293.695,  296.625
245.225,  298.765,  277.915,  280.695
245.317,  311.665,  289.456,  289.025
245.409,  287.765,  263.755,  269.375
245.501,  305.265,  288.496,  293.045
245.593,  307.265,  286.255,  290.055
245.685,  303.165,  285.405,  288.735
245.776,  296.065,  285.945,  287.235
245.868,  281.665,  271.276,  272.565
245.960,  272.265,  265.875,  263.405
246.052,  317.065,  310.766,  310.445
246.144,  316.365,  294.165,  294.205
246.236,  297.865,  283.576,  283.565
246.328,  309.165,  291.345,  293.965
246.420,  298.865,  279.746,  280.855
246.512,  321.065,  308.236,  310.455
246.604,  292.265,  282.526,  286.825
246.695,  285.765,  273.345,  272.135
246.787,  313.165,  293.526,  301.145
246.879,  302.765,  292.716,  297.145
246.971,  303.665,  299.276,  300.965
247.063,  295.165,  273.255,  278.605
247.155,  323.265,  294.516,  297.195
247.246,  298.665,  283.266,  283.715
247.338,  316.165,  288.116,  294.265
247.430,  311.565,  299.945,  303.475
247.522,  315.565,  297.546,  300.555
247.613,  313.665,  296.586,  299.675
247.705,  299.465,  286.896,  288.445
247.797,  322.465,  305.776,  307.475
247.889,  309.465,  294.706,  295.475
247.980,  322.765,  285.676,  291.995
248.072,  326.465,  282.845,  285.895
248.164,  348.365,  293.216,  298.385
248.256,  303.265,  271.366,  274.105
248.347,  325.565,  309.785,  311.065
248.439,  296.365,  283.165,  282.675
248.531,  320.465,  303.885,  304.835
248.622,  327.165,  307.206,  308.325
248.714,  292.765,  276.945,  278.365
248.806,  307.565,  293.655,  298.015
248.897,  306.365,  291.535,  292.985
248.989,  280.365,  263.956,  263.855
249.081,  297.065,  283.355,  284.905
249.172,  308.965,  289.926,  295.135
249.264,  293.265,  272.076,  273.435
249.356,  283.265,  269.326,  273.745
249.447,  301.965,  282.176,  284.525
249.539,  297.365,  283.086,  284.645
249.630,  311.365,  289.875,  288.495
249.722,  343.565,  313.276,  315.395
249.813,  304.965,  280.496,  284.125
249.905,  303.265,  289.426,  293.665
249.997,  289.165,  281.445,  280.615
250.088,  308.465,  282.255,  288.985
250.180,  305.165,  283.695,  284.575
250.271,  312.965,  281.195,  280.335
250.363,  336.565,  319.105,  320.755
250.454,  294.065,  273.035,  275.615
250.546,  311.465,  285.926,  289.415
250.637,  282.865,  264.445,  261.845
250.729,  291.065,  266.505,  269.555
250.820,  321.965,  289.915,  292.965
250.912,  285.265,  262.355,  267.085
251.003,  304.265,  278.396,  280.475
251.095,  306.565,  282.086,  284.555
251.186,  302.265,  271.415,  274.775
251.277,  291.165,  271.986,  275.265
251.369,  302.265,  275.975,  275.105
251.460,  300.065,  271.456,  273.815
251.552,  307.165,  278.475,  279.655
251.643,  305.165,  268.796,  267.375
251.735,  314.465,  265.246,  267.375
251.826,  303.065,  258.016,  263.245
251.917,  315.165,  278.035,  279.115
252.009,  321.665,  273.396,  275.605
252.100,  332.365,  281.426,  283.345
252.191,  358.565,  289.996,  292.015
252.283,  340.065,  265.095,  267.705
252.374,  370.365,  278.296,  278.375
252.465,  401.965,  295.405,  298.605
252.557,  392.565,  283.576,  286.365
252.648,  384.165,  265.146,  268.635
252.739,  430.265,  280.516,  282.125
252.831,  418.965,  270.836,  280.355
252.922,  459.465,  282.296,  280.045
253.013,  505.665,  273.956,  284.285
253.104,  560.465,  270.076,  270.335
253.196,  661.665,  271.366,  271.175
253.287,  788.965,  281.836,  277.135
253.378, 1170.365,  276.276,  277.975
253.469, 3710.265,  272.385,  276.445
253.561,20511.064,  273.496,  278.855
253.652,40246.363,  282.266,  280.015
253.743, 6560.865,  276.216,  280.985
253.834,  610.365,  259.146,  265.875
253.926,  495.265,  262.605,  267.485
254.017,  469.065,  284.236,  290.235
254.108,  442.365,  291.836,  290.565
254.199,  427.265,  285.326,  291.185
254.290,  423.265,  312.725,  313.865
254.381,  404.465,  287.076,  291.155
254.472,  421.665,  291.935,  300.495
254.564,  421.365,  312.766,  307.565
254.655,  386.065,  304.755,  308.105
254.746,  353.565,  264.896,  264.025
254.837,  383.665,  293.105,  298.435
254.928,  355.165,  266.836,  271.975
255.019,  369.065,  283.505,  286.805
255.110,  370.165,  300.165,  301.665
255.201,  351.665,  281.155,  287.655
255.292,  384.565,  312.706,  316.275
255.383,  347.165,  275.785,  275.725
255.474,  338.865,  273.306,  273.095
255.566,  356.965,  283.926,  286.645
255.657,  353.865,  298.556,  302.445
255.748,  314.865,  271.415,  278.125
255.839,  322.965,  280.695,  282.485
255.930,  332.765,  287.866,  289.735
256.021,  330.665,  298.845,  298.115
256.112,  318.665,  278.456,  278.735
256.203,  346.865,  311.866,  313.365
256.294,  331.665,  293.496,  299.575
256.384,  311.165,  270.565,  275.715
256.475,  313.065,  290.996,  294.595
256.566,  316.965,  281.246,  287.825
256.657,  302.465,  278.945,  278.915
256.748,  301.165,  281.285,  284.675
256.839,  290.365,  274.426,  273.555
256.930,  308.765,  279.165,  283.055
257.021,  325.165,  304.155,  306.465
257.112,  333.165,  304.926,  309.235
257.203,  280.965,  258.445,  259.825
257.294,  273.565,  254.465,  262.175
257.385,  307.865,  288.526,  294.205
257.475,  300.665,  279.135,  278.545
257.566,  307.865,  287.586,  292.255
257.657,  288.765,  269.595,  270.025
257.748,  285.265,  275.935,  276.095
257.839,  309.465,  287.915,  286.025
257.930,  306.365,  285.736,  290.395
258.020,  281.665,  269.716,  271.535
258.111,  276.565,  262.225,  263.255
258.202,  303.165,  288.326,  289.935
258.293,  304.265,  284.655,  285.305
258.384,  320.765,  305.595,  307.665
258.474,  303.665,  288.676,  291.995
258.565,  271.965,  271.635,  273.435
258.656,  307.165,  292.966,  295.145
258.747,  282.965,  271.475,  275.425
258.837,  290.065,  274.246,  273.695
258.928,  286.765,  275.785,  278.605
259.019,  288.265,  268.415,  270.595
259.109,  283.265,  269.685,  269.425
259.200,  296.465,  286.105,  289.815
259.291,  286.465,  269.975,  271.655
259.381,  302.565,  293.026,  295.635
259.472,  306.965,  295.796,  296.545
259.563,  310.365,  303.065,  305.845
259.653,  283.765,  278.296,  281.385
259.744,  277.065,  268.826,  267.735
259.835,  320.465,  300.975,  302.815
259.925,  281.265,  271.505,  277.075
260.016,  299.665,  286.746,  287.585
260.107,  265.365,  258.035,  264.715
260.197,  288.265,  283.975,  286.325
260.288,  282.665,  274.565,  279.155
260.378,  269.865,  267.195,  271.275
260.469,  289.965,  285.915,  288.765
260.560,  274.365,  266.146,  269.495
260.650,  284.465,  271.736,  275.665
260.741,  298.365,  276.366,  279.035
260.831,  292.365,  272.855,  275.905
260.922,  275.465,  266.206,  269.545
261.012,  282.365,  277.665,  278.255
261.103,  313.465,  301.785,  302.875
261.193,  308.565,  302.086,  303.915
261.284,  274.465,  271.806,  273.005
261.374,  310.365,  296.385,  303.855
261.465,  295.565,  287.755,  289.435
261.555,  285.765,  282.255,  280.715
261.646,  305.665,  292.475,  294.375
261.736,  291.565,  287.435,  290.535
261.827,  282.165,  283.716,  284.935
261.917,  318.165,  311.736,  311.595
262.007,  298.865,  283.986,  288.075
262.098,  296.165,  289.445,  287.725
262.188,  336.065,  326.655,  333.475
262.279,  309.465,  300.185,  299.795
262.369,  296.565,  286.285,  289.225
262.459,  294.765,  288.246,  290.365
262.550,  310.165,  303.266,  301.565
262.640,  275.465,  273.005,  276.555
262.731,  313.065,  300.935,  299.335
262.821,  315.665,  310.535,  312.255
262.911,  307.665,  297.875,  298.285
263.002,  303.865,  289.625,  290.825
263.092,  309.965,  303.956,  306.295
263.182,  295.765,  284.806,  285.755
263.273,  283.965,  285.426,  289.395
263.363,  306.165,  300.746,  299.385
263.453,  271.265,  267.375,  268.605
263.543,  299.165,  289.815,  289.615
263.634,  275.165,  266.516,  266.365
263.724,  299.465,  292.586,  293.065
263.814,  313.865,  308.706,  308.885
263.904,  296.365,  281.966,  285.905
263.995,  327.565,  322.276,  322.325
264.085,  298.465,  295.855,  294.575
264.175,  299.165,  296.706,  296.385
264.265,  323.465,  321.105,  321.865
264.356,  273.065,  270.466,  274.385
264.446,  306.965,  308.996,  307.575
264.536,  298.165,  294.026,  297.515
264.626,  330.765,  318.486,  320.175
264.716,  304.165,  298.435,  303.275
264.806,  315.365,  308.776,  310.415
264.897,  275.465,  258.135,  258.615
264.987,  310.865,  303.535,  304.475
265.077,  316.965,  287.046,  292.545
265.167,  375.765,  310.216,  311.575
265.257,  330.965,  290.445,  290.535
265.347,  340.865,  294.336,  295.795
265.437,  324.565,  296.176,  300.635
265.527,  322.065,  293.155,  294.765
265.617,  287.865,  279.875,  285.145
265.708,  323.465,  314.216,  314.825
265.798,  308.965,  305.415,  307.055
265.888,  307.465,  300.716,  305.545
265.978,  292.765,  294.496,  295.825
266.068,  323.665,  310.155,  315.855
266.158,  302.065,  294.005,  297.205
266.248,  281.365,  274.016,  276.865
266.338,  320.265,  313.035,  314.815
266.428,  313.065,  300.635,  302.655
266.518,  314.565,  311.405,  315.615
266.608,  307.565,  299.725,  294.215
266.698,  284.465,  273.586,  276.245
266.788,  285.265,  274.456,  277.745
266.878,  337.165,  325.776,  330.865
266.968,  314.365,  306.725,  309.425
267.058,  307.065,  297.375,  302.895
267.147,  317.565,  301.845,  302.905
267.237,  298.165,  291.815,  295.765
267.327,  288.765,  286.755,  287.895
267.417,  302.465,  301.225,  303.385
267.507,  300.565,  292.176,  294.215
267.597,  291.265,  282.026,  283.655
267.687,  288.565,  285.165,  287.755
267.777,  289.765,  283.986,  284.615
267.867,  321.265,  312.125,  312.585
267.956,  311.165,  302.466,  304.005
268.046,  311.365,  305.466,  310.865
268.136,  299.265,  296.875,  298.905
268.226,  287.265,  274.885,  274.965
268.316,  289.265,  280.766,  280.845
268.406,  299.065,  289.516,  287.595
268.495,  286.465,  284.415,  287.935
268.585,  318.565,  306.716,  309.605
268.675,  286.465,  284.336,  285.535
268.765,  313.565,  296.355,  300.115
268.854,  291.065,  285.935,  286.715
268.944,  297.165,  291.646,  293.805
269.034,  289.265,  283.986,  289.715
269.124,  295.665,  287.216,  290.705
269.213,  285.465,  286.336,  285.525
269.303,  292.765,  290.466,  288.585
269.393,  309.365,  299.845,  298.345
269.483,  306.665,  300.966,  302.735
269.572,  294.365,  282.875,  284.665
269.662,  292.765,  276.105,  283.315
269.752,  319.465,  312.736,  315.705
269.841,  281.265,  266.046,  269.455
269.931,  295.065,  281.586,  283.075
270.021,  308.065,  300.766,  304.675
270.110,  293.865,  285.695,  288.925
270.200,  302.965,  291.665,  299.445
270.289,  275.765,  280.785,  281.105
270.379,  313.665,  301.466,  302.775
270.469,  293.265,  290.556,  289.955
270.558,  299.365,  303.655,  302.185
270.648,  287.665,  282.785,  284.885
270.737,  293.165,  288.526,  291.525
270.827,  307.565,  310.185,  313.455
270.916,  289.965,  286.935,  289.915
271.006,  294.565,  293.475,  292.885
271.096,  318.665,  317.005,  317.215
271.185,  305.165,  289.896,  289.145
271.275,  306.965,  300.706,  303.575
271.364,  294.965,  281.535,  285.725
271.454,  312.265,  308.255,  315.275
271.543,  302.065,  296.935,  297.745
271.633,  286.065,  293.926,  292.835
271.722,  294.865,  292.255,  296.455
271.812,  300.165,  286.296,  289.275
271.901,  294.765,  292.326,  293.765
271.990,  292.265,  291.836,  290.915
272.080,  296.465,  290.635,  294.915
272.169,  307.165,  301.905,  302.555
272.259,  294.765,  293.225,  292.695
272.348,  320.065,  305.796,  308.535
272.438,  301.165,  296.935,  293.635
272.527,  313.265,  303.996,  304.365
272.616,  303.465,  301.866,  305.295
272.706,  323.365,  320.935,  323.195
272.795,  309.465,  314.076,  315.755
272.884,  303.565,  297.076,  299.515
272.974,  324.665,  317.975,  319.965
273.063,  340.565,  338.206,  337.765
273.152,  310.265,  310.306,  307.735
273.242,  324.665,  320.276,  324.915
273.331,  321.765,  319.315,  322.835
273.420,  311.565,  301.105,  310.255
273.510,  305.165,  307.355,  308.155
273.599,  314.765,  303.255,  306.195
273.688,  305.665,  302.605,  301.885
273.778,  286.165,  285.065,  287.095
273.867,  323.365,  320.266,  317.015
273.956,  301.865,  303.725,  303.805
274.045,  277.365,  273.966,  275.965
274.135,  311.865,  303.905,  305.375
274.224,  301.965,  286.516,  290.045
274.313,  312.465,  305.586,  307.745
274.402,  290.665,  284.796,  287.085
274.491,  311.165,  310.975,  312.995
274.581,  309.865,  301.415,  302.765
274.670,  305.865,  293.146,  294.385
274.759,  309.265,  299.405,  300.435
274.848,  281.765,  276.655,  279.925
274.937,  296.565,  289.945,  287.635
275.026,  293.365,  285.616,  287.835
275.116,  327.565,  316.415,  315.805
275.205,  298.465,  266.926,  271.135
275.294,  321.665,  302.315,  304.335
275.383,  298.765,  299.905,  297.985
275.472,  294.365,  290.005,  290.825
275.561,  294.465,  290.505,  290.285
275.650,  317.965,  306.046,  306.435
275.739,  297.865,  294.776,  297.985
275.828,  281.265,  274.635,  277.965
275.917,  301.865,  312.065,  306.825
276.006,  305.065,  295.426,  296.835
276.095,  297.765,  294.526,  298.665
276.184,  310.365,  309.556,  307.945
276.273,  308.965,  303.105,  304.505
276.362,  280.065,  275.896,  278.535
276.451,  294.065,  291.306,  291.915
276.540,  297.865,  295.896,  296.105
276.629,  299.865,  292.576,  293.225
276.718,  274.765,  270.695,  274.545
276.807,  273.965,  271.625,  274.825
276.896,  284.565,  280.526,  284.495
276.985,  296.965,  283.616,  289.365
277.074,  307.265,  299.105,  300.525
277.163,  294.365,  294.746,  299.085
277.252,  275.165,  279.646,  276.465
277.341,  288.865,  281.236,  289.265
277.430,  281.565,  276.845,  279.355
277.519,  304.665,  298.956,  301.695
277.608,  265.465,  266.546,  267.775
277.696,  268.765,  266.975,  269.445
277.785,  290.265,  284.095,  283.485
277.874,  301.165,  299.605,  296.795
277.963,  286.465,  288.155,  289.995
278.052,  269.365,  264.776,  265.525
278.141,  289.365,  288.415,  290.745
278.229,  296.765,  290.146,  291.935
278.318,  276.565,  268.236,  271.495
278.407,  288.365,  285.576,  285.935
278.496,  286.365,  289.915,  291.965
278.585,  308.665,  300.486,  302.275
278.673,  267.365,  263.836,  266.715
278.762,  272.165,  266.176,  270.485
278.851,  286.365,  285.496,  286.035
278.940,  302.265,  303.685,  303.305
279.028,  310.165,  296.306,  299.585
279.117,  297.265,  282.725,  286.655
279.206,  284.665,  279.475,  284.105
279.294,  280.665,  284.396,  286.665
279.383,  294.265,  286.646,  287.335
279.472,  306.965,  298.095,  298.295
279.561,  280.665,  283.355,  284.975
279.649,  313.465,  308.535,  308.935
279.738,  262.865,  255.566,  255.215
279.827,  315.165,  306.785,  308.805
279.915,  274.365,  275.285,  276.335
280.004,  289.965,  286.565,  288.905
280.092,  307.265,  305.236,  306.635
280.181,  293.565,  280.516,  282.605
280.270,  305.665,  277.866,  281.595
280.358,  299.065,  291.366,  288.915
280.447,  274.465,  261.415,  264.455
280.535,  283.765,  276.016,  275.945
280.624,  287.665,  274.185,  276.805
280.713,  274.665,  277.146,  283.385
280.801,  303.965,  293.116,  293.805
280.890,  294.765,  289.716,  295.475
280.978,  278.065,  280.755,  281.945
281.067,  256.765,  250.676,  255.865
281.155,  285.465,  274.855,  275.705
281.244,  317.365,  313.595,  316.445
281.332,  296.265,  290.845,  293.825
281.421,  276.965,  271.605,  273.675
281.509,  298.265,  284.646,  282.415
281.598,  267.665,  262.435,  263.765
281.686,  294.765,  290.776,  288.945
281.775,  295.765,  285.516,  290.815
281.863,  284.965,  278.016,  279.225
281.951,  275.165,  267.665,  270.735
282.040,  306.565,  300.315,  301.115
282.128,  304.665,  288.375,  294.235
282.217,  277.965,  265.926,  266.075
282.305,  310.265,  294.796,  294.045
282.393,  295.965,  286.505,  284.595
282.482,  292.365,  279.535,  283.255
282.570,  273.865,  266.945,  270.215
282.658,  283.065,  276.116,  277.715
282.747,  276.265,  265.026,  267.905
282.835,  306.365,  306.076,  309.035
282.923,  274.065,  264.655,  267.805
283.012,  298.865,  291.366,  296.345
283.100,  269.165,  269.185,  274.675
283.188,  265.365,  261.125,  262.525
283.277,  294.365,  284.336,  284.745
283.365,  277.165,  271.676,  278.375
283.453,  274.365,  264.755,  270.455
283.542,  301.465,  290.896,  293.765
283.630,  276.465,  276.195,  278.595
283.718,  277.565,  271.195,  274.365
283.806,  251.565,  241.706,  247.485
283.894,  280.065,  274.336,  274.395
283.983,  289.465,  282.165,  282.605
284.071,  296.565,  285.285,  291.495
284.159,  316.065,  309.125,  314.805
284.247,  296.365,  287.466,  288.555
284.335,  297.765,  286.935,  287.485
284.424,  287.865,  283.915,  288.465
284.512,  283.865,  283.475,  286.175
284.600,  282.565,  279.415,  280.145
284.688,  322.765,  312.815,  317.115
284.776,  294.365,  286.815,  287.745
284.864,  315.665,  302.125,  308.655
284.952,  295.865,  289.625,  289.025
285.041,  301.265,  298.255,  298.145
285.129,  315.965,  299.435,  302.445
285.217,  307.565,  300.056,  303.885
285.305,  321.865,  318.676,  319.885
285.393,  280.665,  275.776,  278.695
285.481,  289.765,  296.665,  298.405
285.569,  293.765,  282.966,  285.145
285.657,  307.865,  295.165,  296.255
285.745,  294.365,  292.655,  293.125
285.833,  302.465,  289.505,  293.165
285.921,  303.765,  298.116,  300.945
286.009,  303.265,  301.105,  303.655
286.097,  307.665,  298.236,  301.315
286.185,  287.165,  284.405,  284.795
286.273,  293.065,  283.415,  284.655
286.361,  313.865,  307.915,  311.825
286.449,  310.565,  296.195,  294.565
286.537,  304.865,  304.105,  302.085
286.625,  301.965,  291.185,  293.415
286.713,  281.565,  275.806,  280.315
286.801,  304.365,  312.076,  307.795
286.889,  321.965,  319.435,  320.055
286.976,  287.965,  287.905,  291.205
287.064,  308.565,  307.635,  311.875
287.152,  306.565,  303.576,  305.585
287.240,  313.465,  309.185,  308.845
287.328,  287.565,  287.685,  281.755
287.416,  298.665,  290.975,  292.385
287.504,  303.965,  294.435,  298.285
287.591,  313.065,  298.176,  300.225
287.679,  286.465,  286.095,  286.145
287.767,  300.765,  298.206,  296.985
287.855,  313.765,  303.736,  307.515
287.943,  306.765,  306.716,  309.435
288.030,  288.865,  293.456,  291.795
288.118,  320.665,  318.255,  318.995
288.206,  290.265,  274.956,  275.705
288.294,  314.665,  301.986,  304.135
288.382,  307.065,  300.776,  303.615
288.469,  314.665,  304.396,  308.895
288.557,  301.565,  294.095,  292.615
288.645,  333.265,  323.396,  323.315
288.732,  281.765,  278.915,  279.235
288.820,  312.265,  304.576,  306.785
288.908,  311.465,  304.826,  303.915
288.995,  310.265,  310.945,  310.305
289.083,  298.665,  293.026,  292.935
289.171,  333.165,  320.165,  325.565
289.258,  374.865,  322.176,  324.305
289.346,  424.965,  326.266,  329.365
289.434,  316.565,  303.435,  306.185
289.521,  292.165,  280.415,  286.295
289.609,  322.265,  320.426,  325.405
289.697,  312.065,  312.336,  315.125
289.784,  299.765,  295.445,  295.775
289.872,  317.165,  306.905,  313.015
289.959,  278.565,  282.375,  283.415
290.047,  307.565,  296.546,  300.865
290.134,  276.965,  272.665,  273.815
290.222,  306.265,  308.915,  308.665
290.310,  308.865,  304.905,  307.145
290.397,  331.265,  328.505,  332.835
290.485,  286.765,  290.815,  293.005
290.572,  320.265,  313.225,  314.645
290.660,  312.965,  306.385,  306.205
290.747,  296.965,  295.165,  292.775
290.835,  315.865,  299.016,  302.505
290.922,  306.565,  304.016,  305.515
291.009,  302.465,  297.676,  301.715
291.097,  306.565,  297.926,  300.755
291.184,  336.465,  332.716,  338.585
291.272,  289.165,  282.966,  288.375
291.359,  292.665,  283.915,  289.305
291.447,  308.365,  303.086,  304.735
291.534,  320.965,  327.326,  323.005
291.621,  293.765,  302.845,  301.105
291.709,  286.465,  285.716,  283.705
291.796,  323.565,  320.146,  316.555
291.884,  293.165,  291.466,  296.115
291.971,  322.265,  315.065,  320.295
292.058,  285.265,  288.725,  288.985
292.146,  294.765,  293.746,  297.955
292.233,  286.365,  285.426,  284.765
292.320,  301.365,  294.306,  297.685
292.408,  327.365,  309.086,  308.565
292.495,  304.265,  290.565,  293.085
292.582,  284.565,  286.845,  287.375
292.669,  291.665,  281.415,  286.055
292.757,  295.865,  282.176,  283.865
292.844,  308.465,  312.935,  313.175
292.931,  270.965,  275.176,  277.485
293.018,  297.365,  291.516,  289.915
293.106,  305.165,  299.966,  303.035
293.193,  267.965,  272.415,  274.385
293.280,  302.165,  297.255,  303.635
293.367,  294.765,  296.956,  295.215
293.455,  307.465,  293.185,  294.155
293.542,  286.565,  275.695,  281.445
293.629,  282.165,  279.035,  281.855
293.716,  311.665,  305.646,  311.195
293.803,  295.065,  287.105,  287.695
293.890,  309.065,  310.336,  312.555
293.978,  296.565,  284.105,  290.755
294.065,  289.865,  286.725,  284.345
294.152,  300.365,  302.385,  304.355
294.239,  280.965,  275.646,  274.625
294.326,  285.865,  286.746,  290.635
294.413,  279.165,  278.046,  278.465
294.500,  302.065,  292.586,  295.255
294.587,  291.165,  283.915,  287.195
294.674,  310.865,  305.875,  306.925
294.761,  291.965,  288.896,  287.945
294.848,  285.765,  286.866,  294.115
294.935,  297.565,  290.746,  290.555
295.022,  281.765,  272.396,  274.105
295.109,  261.465,  258.466,  262.665
295.196,  291.465,  291.405,  295.265
295.283,  281.065,  281.176,  278.745
295.370,  310.365,  308.975,  312.155
295.457,  297.865,  289.986,  290.435
295.544,  290.065,  285.105,  287.985
295.631,  296.865,  290.165,  295.805
295.718,  282.765,  272.676,  274.015
295.805,  307.965,  296.225,  296.685
295.892,  307.765,  300.005,  304.445
295.979,  302.265,  291.266,  292.755
296.066,  299.765,  293.996,  296.145
296.153,  297.265,  296.026,  296.355
296.240,  308.865,  299.206,  300.535
296.327,  299.265,  285.206,  285.615
296.413,  320.365,  301.285,  305.075
296.500,  338.765,  302.755,  305.145
296.587,  531.365,  288.616,  286.065
296.674, 1601.565,  294.396,  297.335
296.761,  825.065,  300.095,  298.245
296.848,  307.565,  281.956,  285.815
296.934,  311.665,  290.966,  295.265
297.021,  299.165,  292.565,  292.975
297.108,  288.165,  276.366,  280.895
297.195,  304.165,  291.466,  294.705
297.282,  296.965,  286.535,  286.195
297.368,  306.665,  310.026,  305.975
297.455,  294.265,  279.155,  283.145
297.542,  318.565,  311.375,  313.235
297.629,  303.165,  299.016,  300.205
297.715,  316.165,  308.285,  310.385
297.802,  305.365,  300.466,  303.285
297.889,  320.965,  311.716,  313.025
297.975,  330.065,  322.836,  323.685
298.062,  319.765,  310.505,  312.995
298.149,  274.465,  273.505,  274.905
298.235,  292.765,  291.135,  294.075
298.322,  296.365,  294.806,  292.785
298.409,  311.165,  311.195,  312.715
298.495,  282.965,  285.435,  283.435
298.582,  307.465,  307.516,  308.065
298.669,  291.365,  290.526,  294.245
298.755,  308.065,  299.065,  302.235
298.842,  317.165,  304.755,  309.095
298.928,  306.765,  303.855,  304.595
299.015,  298.065,  294.896,  296.705
299.102,  330.565,  318.986,  320.565
299.188,  318.865,  315.956,  316.045
299.275,  303.765,  309.926,  309.365
299.361,  272.565,  278.875,  281.665
299.448,  312.265,  312.466,  310.885
299.534,  315.365,  312.355,  312.735
299.621,  306.965,  304.655,  303.865
299.707,  305.065,  299.016,  304.675
299.794,  327.865,  319.885,  319.685
299.880,  323.365,  317.076,  318.325
299.967,  299.665,  296.345,  296.295
300.053,  297.765,  295.935,  299.065
300.140,  320.765,  323.086,  328.875
300.226,  310.265,  313.885,  313.595
300.312,  310.765,  307.276,  306.695
300.399,  306.265,  305.505,  308.465
300.485,  310.765,  297.776,  301.725
300.572,  282.065,  281.655,  281.655
300.658,  295.965,  297.216,  294.585
300.744,  304.765,  310.706,  311.315
300.831,  323.865,  313.595,  318.275
300.917,  327.065,  321.676,  320.915
301.004,  319.065,  311.556,  311.015
301.090,  283.365,  277.785,  280.095
301.176,  290.365,  284.255,  288.205
301.263,  318.465,  313.676,  314.925
301.349,  294.665,  289.475,  293.305
301.435,  286.865,  284.276,  285.095
301.521,  321.465,  314.625,  313.245
301.608,  315.065,  314.695,  315.515
301.694,  300.565,  297.896,  300.535
301.780,  306.065,  303.046,  298.285
301.867,  284.065,  280.836,  285.265
301.953,  309.365,  296.595,  301.165
302.039,  388.465,  295.116,  297.515
302.125,  536.265,  298.445,  304.125
302.211,  374.065,  332.926,  334.115
302.298,  356.965,  301.926,  305.295
302.384,  293.965,  281.116,  287.095
302.470,  293.965,  289.505,  291.305
302.556,  315.965,  301.935,  305.645
302.642,  309.665,  293.456,  295.155
302.729,  300.465,  289.306,  293.525
302.815,  311.565,  317.966,  319.775
302.901,  288.365,  296.475,  298.745
302.987,  318.765,  307.716,  308.245
303.073,  305.365,  304.185,  302.795
303.159,  294.065,  296.945,  298.695
303.245,  297.165,  284.336,  290.495
303.331,  283.365,  283.486,  286.455
303.417,  292.465,  294.556,  296.145
303.503,  312.265,  310.046,  312.155
303.590,  295.765,  289.146,  291.705
303.676,  300.265,  299.505,  300.385
303.762,  290.065,  287.185,  287.835
303.848,  309.665,  311.026,  312.055
303.934,  317.465,  304.915,  307.775
304.020,  301.265,  301.796,  304.745
304.106,  315.765,  309.975,  314.015
304.192,  296.365,  291.796,  296.765
304.278,  305.765,  302.896,  304.455
304.364,  333.165,  323.026,  324.755
304.450,  304.865,  301.496,  304.095
304.535,  306.565,  304.005,  304.245
304.621,  300.365,  301.565,  302.205
304.707,  309.665,  306.296,  307.635
304.793,  321.765,  318.625,  318.575
304.879,  309.565,  306.776,  310.585
304.965,  322.865,  312.845,  313.365
305.051,  316.565,  308.616,  311.355
305.137,  332.265,  318.146,  324.235
305.223,  296.465,  291.445,  293.725
305.309,  316.465,  313.496,  317.755
305.394,  320.365,  311.996,  311.465
305.480,  302.665,  299.426,  304.775
305.566,  304.665,  309.355,  310.525
305.652,  321.665,  313.605,  317.885
305.738,  355.165,  349.206,  353.435
305.824,  310.465,  316.016,  315.095
305.909,  327.065,  323.815,  325.155
305.995,  288.165,  289.595,  290.025
306.081,  340.565,  348.345,  350.435
306.167,  316.565,  303.966,  307.875
306.252,  333.265,  324.375,  325.505
306.338,  341.765,  331.366,  335.515
306.424,  313.865,  306.595,  307.415
306.510,  324.065,  316.105,  319.795
306.595,  327.865,  323.685,  322.125
306.681,  326.265,  316.926,  318.895
306.767,  314.665,  305.336,  309.425
306.852,  331.465,  328.255,  331.375
306.938,  319.465,  325.796,  325.905
307.024,  313.565,  302.875,  304.755
307.109,  340.465,  336.065,  338.965
307.195,  324.565,  316.326,  318.385
307.281,  317.565,  318.716,  318.575
307.366,  323.465,  313.345,  310.455
307.452,  318.465,  312.426,  316.335
307.537,  297.765,  296.776,  298.485
307.623,  290.565,  292.105,  296.985
307.709,  310.865,  309.885,  310.795
307.794,  307.265,  288.576,  291.835
307.880,  324.465,  320.236,  319.735
307.965,  308.765,  307.456,  307.525
308.051,  296.765,  297.195,  298.065
308.136,  296.165,  297.165,  296.745
308.222,  290.465,  300.366,  302.045
308.307,  294.365,  295.116,  296.645
308.393,  296.865,  295.535,  300.335
308.478,  321.365,  321.826,  318.975
308.564,  291.465,  295.516,  288.925
308.649,  312.465,  308.496,  308.295
308.735,  304.865,  294.155,  300.535
308.820,  322.465,  320.655,  319.455
308.906,  303.565,  291.625,  300.515
308.991,  343.865,  341.076,  338.375
309.076,  321.365,  319.336,  320.645
309.162,  289.265,  283.945,  283.805
309.247,  311.065,  309.945,  308.415
309.333,  303.565,  291.646,  297.855
309.418,  305.265,  298.665,  301.955
309.503,  296.365,  297.646,  300.235
309.589,  309.065,  303.725,  305.345
309.674,  290.965,  290.945,  289.235
309.759,  310.565,  303.315,  304.195
309.845,  314.365,  311.016,  312.415
309.930,  309.165,  305.966,  307.375
310.015,  281.165,  276.095,  276.835
310.101,  312.565,  315.616,  319.905
310.186,  300.465,  285.426,  288.565
310.271,  299.965,  297.296,  298.295
310.357,  293.965,  297.526,  296.455
310.442,  300.965,  302.445,  303.865
310.527,  304.265,  297.766,  301.125
310.612,  276.365,  278.195,  281.425
310.698,  314.665,  319.725,  321.135
310.783,  309.165,  301.176,  302.685
310.868,  300.065,  294.285,  295.125
310.953,  288.965,  284.165,  285.195
311.038,  310.765,  311.146,  310.075
311.124,  295.065,  294.635,  290.925
311.209,  284.465,  276.736,  277.355
311.294,  318.265,  310.206,  312.575
311.379,  285.765,  276.785,  277.345
311.464,  306.565,  297.405,  297.635
311.549,  293.165,  282.385,  284.505
311.634,  290.665,  290.396,  286.805
311.719,  319.765,  316.016,  315.415
311.805,  290.465,  289.266,  291.605
311.890,  308.465,  295.165,  295.925
311.975,  289.265,  281.526,  286.055
312.060,  308.765,  298.146,  302.435
312.145,  292.465,  277.586,  276.025
312.230,  314.665,  290.815,  296.495
312.315,  337.765,  294.065,  296.045
312.400,  406.765,  296.396,  299.795
312.485, 1544.665,  290.535,  292.475
312.570, 1275.965,  277.125,  279.615
312.655,  345.765,  308.176,  313.325
312.740,  325.565,  301.616,  302.005
312.825,  335.765,  304.105,  307.725
312.910,  362.465,  307.736,  309.235
312.995,  440.465,  296.236,  298.245
313.080, 1882.965,  285.655,  286.805
313.165, 2194.565,  303.565,  305.305
313.250,  382.365,  287.276,  287.825
313.335,  317.165,  307.435,  312.125
313.419,  280.365,  267.466,  268.635
313.504,  328.165,  313.355,  315.225
313.589,  307.865,  295.216,  297.545
313.674,  315.765,  307.206,  310.085
313.759,  292.665,  281.556,  282.625
313.844,  303.565,  292.776,  291.005
313.929,  299.165,  289.945,  291.695
314.014,  325.265,  313.306,  315.005
314.098,  301.465,  299.035,  300.425
314.183,  277.465,  263.505,  263.795
314.268,  295.965,  296.496,  298.955
314.353,  317.265,  302.026,  306.185
314.438,  319.665,  306.905,  311.515
314.522,  322.465,  309.486,  308.535
314.607,  309.965,  307.565,  307.855
314.692,  307.465,  301.885,  303.855
314.777,  289.965,  291.766,  292.395
314.861,  279.565,  277.285,  276.385
314.946,  311.265,  315.116,  317.565
315.031,  304.365,  291.875,  294.115
315.115,  312.165,  306.206,  308.065
315.200,  317.865,  312.146,  313.065
315.285,  292.265,  289.486,  289.595
315.369,  298.665,  287.945,  288.545
315.454,  317.765,  311.905,  311.025
315.539,  316.665,  310.246,  307.795
315.623,  317.165,  309.426,  313.225
315.708,  330.765,  335.605,  336.825
315.793,  297.465,  297.986,  298.155
315.877,  312.265,  302.975,  305.445
315.962,  293.365,  289.105,  291.925
316.046,  324.765,  317.065,  319.225
316.131,  338.965,  334.516,  337.215
316.216,  312.665,  310.315,  310.785
316.300,  307.465,  303.345,  302.165
316.385,  325.365,  325.315,  324.305
316.469,  335.565,  330.625,  331.955
316.554,  299.465,  296.005,  298.425
316.638,  300.365,  296.725,  301.565
316.723,  303.465,  292.546,  293.795
316.807,  301.065,  299.595,  299.275
316.892,  289.665,  288.975,  289.925
316.976,  318.665,  314.405,  316.505
317.061,  308.065,  306.035,  305.965
317.145,  324.565,  327.655,  325.965
317.230,  320.365,  321.505,  319.905
317.314,  284.765,  275.565,  275.085
317.398,  326.465,  310.706,  312.245
317.483,  294.765,  290.026,  291.085
317.567,  317.465,  315.326,  317.865
317.652,  290.265,  283.526,  286.625
317.736,  301.565,  308.776,  309.285
317.820,  336.065,  329.005,  334.665
317.905,  310.965,  306.706,  307.035
317.989,  314.165,  298.285,  300.875
318.073,  291.765,  298.076,  297.705
318.158,  289.765,  284.966,  285.565
318.242,  295.465,  296.845,  299.095
318.326,  287.965,  283.155,  284.015
318.411,  300.665,  295.125,  296.565
318.495,  294.065,  285.776,  287.165
318.579,  285.765,  288.746,  289.305
318.664,  278.265,  280.315,  284.255
318.748,  309.365,  305.996,  310.145
318.832,  294.665,  290.806,  289.475
318.916,  272.065,  274.785,  277.335
319.001,  302.565,  299.945,  301.485
319.085,  292.365,  292.885,  290.905
319.169,  294.765,  293.396,  294.485
319.253,  283.365,  287.216,  285.525
319.337,  307.465,  306.246,  304.885
319.422,  310.565,  316.125,  313.225
319.506,  291.065,  283.326,  285.905
319.590,  304.865,  303.915,  305.525
319.674,  301.465,  291.926,  295.405
319.758,  301.965,  295.165,  300.215
319.842,  312.465,  306.135,  309.155
319.926,  295.765,  294.815,  295.205
320.010,  267.465,  267.046,  269.575
320.095,  288.765,  280.926,  284.685
320.179,  275.865,  279.125,  281.175
320.263,  287.565,  277.385,  285.805
320.347,  280.465,  271.296,  279.075
320.431,  283.865,  273.435,  274.355
320.515,  308.065,  296.375,  299.935
320.599,  276.365,  269.866,  273.825
320.683,  305.165,  305.706,  305.495
320.767,  273.265,  266.236,  266.205
320.851,  291.865,  281.855,  287.785
320.935,  313.965,  312.565,  318.275
321.019,  283.165,  292.975,  290.075
321.103,  276.665,  278.135,  280.585
321.187,  273.165,  273.165,  273.265
321.271,  301.465,  294.616,  296.825
321.355,  288.365,  281.595,  283.805
321.439,  316.265,  301.216,  301.725
321.523,  281.565,  282.266,  284.705
321.606,  298.165,  287.426,  288.215
321.690,  282.865,  287.026,  288.215
321.774,  296.565,  288.336,  292.205
321.858,  296.365,  292.966,  291.945
321.942,  296.565,  294.276,  298.975
322.026,  288.165,  283.315,  282.695
322.110,  302.365,  293.146,  295.755
322.194,  296.165,  295.355,  301.055
322.277,  286.265,  286.135,  287.285
322.361,  284.565,  278.595,  281.215
322.445,  291.765,  289.315,  291.095
322.529,  296.765,  297.716,  299.645
322.613,  296.865,  297.206,  297.795
322.696,  269.565,  267.695,  272.865
322.780,  287.865,  283.026,  283.485
322.864,  266.965,  272.625,  279.835
322.948,  301.465,  292.326,  295.965
323.031,  282.665,  281.565,  282.215
323.115,  293.765,  284.586,  285.215
323.199,  294.965,  296.565,  299.105
323.282,  313.565,  307.496,  310.065
323.366,  293.965,  287.296,  293.625
323.450,  286.065,  273.496,  275.835
323.533,  314.865,  314.576,  317.415
323.617,  271.265,  268.695,  271.585
323.701,  283.865,  281.105,  283.575
323.784,  300.165,  292.576,  294.205
323.868,  306.065,  297.866,  299.875
323.952,  303.265,  290.966,  294.175
324.035,  311.465,  305.926,  310.825
324.119,  301.565,  295.466,  298.455
324.202,  300.665,  286.836,  292.745
324.286,  292.865,  284.986,  286.605
324.370,  305.965,  293.105,  296.765
324.453,  309.365,  299.616,  301.745
324.537,  296.465,  294.426,  298.035
324.620,  292.965,  286.635,  291.765
324.704,  278.765,  270.445,  276.525
324.787,  300.365,  294.875,  296.265
324.871,  319.265,  310.986,  315.255
324.954,  308.065,  312.246,  315.985
325.038,  308.165,  306.466,  306.985
325.121,  310.565,  308.695,  312.075
325.205,  298.665,  290.396,  293.295
325.288,  277.165,  279.556,  285.675
325.371,  300.765,  298.945,  302.395
325.455,  319.365,  314.026,  312.045
325.538,  299.465,  281.516,  287.185
325.622,  331.365,  320.806,  321.295
325.705,  302.665,  297.716,  298.675
325.788,  309.865,  313.625,  316.645
325.872,  303.165,  300.796,  300.745
325.955,  317.365,  319.845,  325.065
326.039,  306.665,  309.576,  312.795
326.122,  311.665,  310.746,  311.665
326.205,  313.665,  311.806,  310.235
326.289,  327.365,  313.986,  319.245
326.372,  296.265,  294.746,  299.195
326.455,  318.865,  323.095,  324.405
326.538,  331.465,  312.336,  316.545
326.622,  325.565,  318.396,  320.075
326.705,  285.765,  287.315,  287.875
326.788,  329.565,  321.266,  322.405
326.871,  317.265,  315.576,  317.965
326.955,  313.365,  313.836,  315.225
327.038,  310.265,  310.116,  310.855
327.121,  305.665,  301.516,  307.855
327.204,  322.065,  313.216,  314.045
327.288,  322.765,  328.956,  332.375
327.371,  290.965,  288.185,  296.955
327.454,  317.865,  313.065,  313.845
327.537,  304.365,  299.815,  302.435
327.620,  330.265,  322.935,  330.145
327.703,  310.065,  309.076,  310.615
327.786,  310.165,  311.076,  312.115
327.870,  335.065,  323.155,  328.715
327.953,  311.965,  301.155,  305.785
328.036,  303.765,  293.105,  299.035
328.119,  324.165,  317.576,  321.135
328.202,  306.465,  301.885,  305.875
328.285,  330.465,  326.776,  329.015
328.368,  323.165,  320.935,  322.625
328.451,  332.565,  320.635,  322.565
328.534,  316.965,  301.266,  307.075
328.617,  312.165,  305.676,  311.785
328.700,  329.165,  326.505,  326.695
328.783,  328.065,  320.785,  322.875
328.866,  315.165,  314.095,  319.935
328.949,  335.465,  319.966,  326.555
329.032,  306.165,  297.826,  300.605
329.115,  297.965,  290.905,  295.945
329.198,  284.765,  282.956,  283.785
329.281,  303.265,  299.336,  298.465
329.364,  316.865,  316.246,  319.245
329.447,  319.365,  307.176,  309.255
329.530,  326.665,  328.155,  328.175
329.613,  298.465,  300.565,  306.725
329.696,  326.665,  326.806,  330.715
329.778,  315.365,  311.306,  316.915
329.861,  297.465,  295.236,  299.565
329.944,  332.965,  321.685,  327.225
330.027,  312.965,  311.576,  315.115
330.110,  305.765,  307.595,  311.705
330.193,  300.265,  295.306,  299.955
330.275,  321.365,  312.296,  315.835
330.358,  304.965,  291.776,  296.185
330.441,  328.065,  323.586,  325.365
330.524,  304.465,  305.216,  311.095
330.607,  301.965,  304.345,  306.905
330.689,  311.465,  313.105,  314.535
330.772,  312.565,  311.105,  312.425
330.855,  327.565,  325.065,  327.855
330.938,  328.065,  312.315,  321.275
331.020,  313.165,  317.176,  320.535
331.103,  297.965,  293.035,  294.505
331.186,  311.965,  305.146,  307.085
331.268,  293.465,  293.565,  298.695
331.351,  320.265,  313.026,  316.455
331.434,  307.465,  308.385,  312.645
331.516,  321.165,  319.076,  321.185
331.599,  300.765,  297.095,  301.425
331.682,  326.065,  310.736,  310.985
331.764,  295.165,  293.326,  297.915
331.847,  321.065,  313.716,  315.705
331.929,  292.965,  290.026,  293.225
332.012,  315.365,  309.625,  310.055
332.095,  325.865,  323.306,  326.625
332.177,  327.465,  320.806,  324.285
332.260,  327.065,  327.526,  328.035
332.342,  312.365,  309.246,  314.445
332.425,  320.665,  312.516,  311.505
332.507,  315.065,  308.526,  311.575
332.590,  296.165,  287.595,  291.655
332.672,  304.865,  294.885,  298.455
332.755,  305.465,  306.855,  311.605
332.837,  307.865,  310.716,  312.255
332.920,  321.665,  309.076,  315.155
333.002,  317.165,  325.676,  328.895
333.085,  306.365,  313.375,  315.165
333.167,  296.965,  296.875,  298.575
333.249,  294.765,  294.526,  298.145
333.332,  300.565,  293.296,  297.715
333.414,  299.565,  300.035,  304.875
333.497,  307.265,  300.255,  302.305
333.579,  300.465,  300.996,  306.375
333.661,  317.565,  319.706,  320.745
333.744,  291.365,  293.695,  297.125
333.826,  304.665,  305.766,  306.065
333.908,  322.665,  313.896,  316.665
333.991,  307.765,  291.266,  291.545
334.073,  459.965,  312.706,  318.525
334.155,  358.365,  304.086,  305.525
334.238,  321.465,  318.576,  326.145
334.320,  307.465,  297.046,  300.585
334.402,  305.865,  302.996,  304.895
334.485,  305.665,  303.655,  304.015
334.567,  305.265,  299.776,  301.975
334.649,  276.565,  278.426,  282.925
334.731,  312.265,  313.456,  317.305
334.813,  311.165,  315.605,  320.355
334.896,  294.765,  290.185,  294.595
334.978,  316.565,  309.165,  302.585
335.060,  306.065,  304.255,  304.235
335.142,  301.665,  301.665,  302.275
335.224,  315.265,  309.766,  311.745
335.307,  301.565,  297.456,  298.965
335.389,  311.365,  310.385,  317.305
335.471,  301.065,  299.896,  306.115
335.553,  321.765,  319.866,  318.905
335.635,  311.465,  312.836,  315.315
335.717,  292.565,  298.195,  300.145
335.799,  329.065,  322.695,  323.585
335.881,  275.565,  278.385,  282.845
335.963,  301.765,  291.796,  293.005
336.045,  296.365,  295.516,  301.085
336.128,  274.965,  270.945,  275.225
336.210,  301.365,  288.996,  292.295
336.292,  295.865,  297.845,  300.615
336.374,  309.865,  300.956,  306.155
336.456,  296.765,  285.616,  288.495
336.538,  308.865,  303.165,  304.435
336.620,  312.765,  310.576,  312.205
336.702,  299.865,  294.766,  294.235
336.783,  303.965,  302.556,  304.225
336.865,  306.765,  304.176,  305.725
336.947,  309.765,  308.486,  311.205
337.029,  289.565,  281.826,  282.945
337.111,  316.165,  316.266,  316.735
337.193,  280.765,  280.986,  284.795
337.275,  313.665,  310.815,  314.535
337.357,  324.065,  318.815,  324.805
337.439,  302.965,  305.255,  310.655
337.521,  288.565,  277.225,  280.915
337.602,  303.965,  298.435,  301.085
337.684,  321.965,  315.635,  317.455
337.766,  307.065,  312.266,  312.305
337.848,  307.165,  295.086,  301.025
337.930,  304.265,  303.165,  306.525
338.012,  307.465,  298.586,  299.555
338.093,  322.765,  312.396,  315.895
338.175,  322.365,  318.195,  321.575
338.257,  308.465,  306.945,  309.225
338.339,  289.665,  294.086,  300.165
338.420,  317.165,  310.986,  310.895
338.502,  295.765,  298.836,  304.265
338.584,  292.365,  286.736,  289.235
338.666,  308.665,  303.426,  302.365
338.747,  333.365,  330.806,  334.875
338.829,  310.465,  309.176,  309.265
338.911,  299.465,  296.236,  298.915
338.992,  301.065,  295.746,  294.435
339.074,  312.365,  306.155,  307.855
339.156,  306.565,  298.176,  303.395
339.237,  327.865,  325.035,  327.765
339.319,  299.965,  294.935,  300.045
339.400,  318.165,  309.065,  311.225
339.482,  277.065,  278.165,  280.605
339.564,  316.765,  317.026,  316.575
339.645,  309.665,  304.595,  308.105
339.727,  291.565,  290.216,  294.375
339.808,  327.065,  317.685,  322.555
339.890,  304.865,  299.956,  302.415
339.971,  322.565,  307.016,  315.055
340.053,  334.065,  336.746,  335.255
340.134,  294.365,  296.535,  298.415
340.216,  314.065,  315.556,  319.645
340.297,  306.165,  298.396,  301.525
340.379,  320.365,  314.736,  316.975
340.460,  313.565,  306.685,  306.615
340.542,  302.465,  294.535,  297.775
340.623,  310.565,  307.926,  312.435
340.705,  305.065,  297.516,  295.795
340.786,  289.365,  289.685,  291.925
340.868,  307.565,  308.826,  304.055
340.949,  275.165,  285.605,  286.145
341.030,  335.065,  321.435,  328.715
341.112,  280.865,  280.565,  284.075
341.193,  274.665,  270.135,  273.595
341.274,  316.665,  322.176,  320.965
341.356,  317.265,  320.716,  321.795
341.437,  303.365,  301.635,  300.825
341.518,  311.965,  307.176,  314.795
341.600,  325.165,  320.866,  322.465
341.681,  328.865,  328.866,  332.375
341.762,  326.065,  325.206,  323.705
341.844,  287.265,  287.146,  292.185
341.925,  311.965,  308.225,  311.205
342.006,  326.165,  320.426,  323.055
342.087,  289.365,  288.095,  292.095
342.169,  311.465,  307.026,  309.845
342.250,  293.365,  286.935,  285.935
342.331,  297.165,  298.706,  299.075
342.412,  307.865,  307.655,  310.045
342.493,  292.165,  289.415,  293.325
342.575,  325.965,  327.095,  327.355
342.656,  314.065,  318.466,  318.265
342.737,  337.365,  329.836,  330.295
342.818,  312.365,  307.996,  309.015
342.899,  317.165,  314.505,  317.165
342.980,  303.565,  306.695,  310.155
343.061,  310.665,  303.065,  304.715
343.143,  327.865,  319.535,  319.565
343.224,  307.965,  306.706,  305.915
343.305,  307.165,  299.625,  303.115
343.386,  309.765,  297.996,  300.475
343.467,  289.565,  303.155,  305.535
343.548,  314.365,  304.176,  305.935
343.629,  314.365,  316.405,  317.625
343.710,  323.565,  322.766,  321.015
343.791,  324.965,  325.065,  327.935
343.872,  299.165,  298.975,  297.795
343.953,  323.965,  314.826,  316.625
344.034,  332.665,  319.475,  324.485
344.115,  306.465,  304.255,  303.425
344.196,  299.465,  298.935,  302.165
344.277,  297.665,  293.306,  294.615
344.358,  309.065,  304.755,  307.345
344.439,  293.865,  293.975,  294.205
344.520,  302.865,  298.546,  300.975
344.601,  320.465,  314.646,  315.525
344.681,  305.365,  302.426,  303.825
344.762,  300.865,  283.466,  287.625
344.843,  280.565,  275.996,  281.125
344.924,  320.965,  303.635,  306.085
345.005,  295.265,  287.176,  288.725
345.086,  313.965,  307.665,  309.725
345.167,  298.365,  293.986,  295.575
345.247,  316.065,  323.896,  328.905
345.328,  322.065,  315.315,  317.705
345.409,  312.265,  307.056,  309.355
345.490,  316.265,  308.415,  314.245
345.571,  305.465,  304.875,  312.045
345.651,  279.865,  279.456,  279.055
345.732,  307.665,  307.285,  312.275
345.813,  318.565,  311.836,  317.355
345.894,  287.165,  285.785,  287.595
345.974,  313.765,  309.556,  311.845
346.055,  296.865,  296.435,  295.735
346.136,  304.065,  304.405,  306.245
346.216,  328.865,  324.945,  328.565
346.297,  309.265,  306.565,  304.225
346.378,  285.465,  291.996,  294.005
346.458,  316.765,  307.375,  313.405
346.539,  299.665,  302.306,  305.975
346.620,  310.565,  305.815,  306.685
346.700,  294.265,  288.755,  289.765
346.781,  286.865,  284.556,  286.765
346.861,  316.265,  304.336,  307.325
346.942,  305.465,  304.336,  302.715
347.023,  319.865,  317.885,  316.005
347.103,  302.365,  297.396,  302.825
347.184,  288.365,  294.475,  296.785
347.264,  296.865,  294.565,  296.805
347.345,  294.265,  290.526,  295.525
347.425,  283.265,  285.125,  290.565
347.506,  289.465,  283.595,  283.195
347.586,  292.765,  289.725,  292.435
347.667,  305.765,  307.616,  304.445
347.747,  306.365,  311.116,  310.775
347.828,  299.165,  296.486,  296.465
347.908,  305.765,  303.306,  307.175
347.988,  300.565,  298.655,  306.125
348.069,  316.665,  311.056,  311.395
348.149,  303.465,  303.956,  309.065
348.230,  312.965,  309.956,  310.945
348.310,  289.665,  284.185,  285.715
348.390,  296.765,  288.526,  288.625
348.471,  308.365,  303.665,  305.125
348.551,  297.265,  290.695,  293.935
348.632,  292.965,  289.505,  294.065
348.712,  286.665,  292.706,  295.115
348.792,  328.065,  329.836,  329.985
348.873,  281.365,  281.905,  283.045
348.953,  299.965,  289.845,  290.395
349.033,  311.065,  297.466,  299.465
349.113,  290.965,  286.076,  286.905
349.194,  304.765,  301.595,  304.825
349.274,  310.065,  304.796,  307.395
349.354,  307.165,  303.046,  308.435
349.434,  299.165,  300.116,  301.925
349.515,  319.965,  316.486,  322.185
349.595,  304.665,  302.206,  302.035
349.675,  306.865,  305.635,  308.015
349.755,  293.465,  296.746,  297.615
349.835,  300.365,  301.195,  307.695
349.916,  300.965,  298.435,  303.915
349.996,  290.265,  291.105,  291.745
350.076,  315.265,  312.375,  317.645
350.156,  282.765,  284.836,  287.665
350.236,  314.665,  314.116,  311.925
350.316,  296.665,  292.975,  295.765
350.396,  310.465,  305.646,  310.065
350.476,  304.165,  301.826,  304.275
350.556,  301.665,  293.966,  299.935
350.637,  319.465,  321.005,  321.825
350.717,  297.165,  288.445,  291.825
350.797,  317.065,  302.616,  305.905
350.877,  304.065,  289.875,  294.705
350.957,  296.865,  297.635,  300.095
351.037,  303.865,  298.556,  303.455
351.117,  297.065,  296.276,  296.555
351.197,  303.065,  303.366,  306.305
351.277,  305.965,  300.556,  301.575
351.357,  315.365,  308.806,  314.445
351.437,  307.365,  306.105,  307.755
351.516,  320.365,  317.986,  318.355
351.596,  289.765,  292.896,  296.025
351.676,  290.165,  290.405,  294.265
351.756,  330.265,  323.426,  326.135
351.836,  312.565,  313.866,  317.935
351.916,  287.465,  297.905,  298.975
351.996,  298.865,  303.996,  305.265
352.076,  301.065,  303.486,  303.085
352.156,  319.165,  319.556,  320.405
352.235,  300.565,  301.255,  300.955
352.315,  306.865,  312.456,  314.415
352.395,  310.065,  308.206,  309.425
352.475,  321.065,  315.405,  320.955
352.555,  331.265,  330.236,  330.635
352.634,  318.865,  321.956,  326.705
352.714,  299.565,  302.595,  304.055
352.794,  357.665,  354.466,  358.075
352.874,  311.065,  314.685,  317.555
352.953,  331.465,  337.676,  339.095
353.033,  321.765,  319.306,  320.925
353.113,  340.365,  332.135,  336.575
353.193,  320.565,  328.046,  329.935
353.272,  331.465,  333.135,  334.365
353.352,  315.065,  307.035,  311.285
353.432,  355.265,  343.005,  347.495
353.511,  329.765,  326.185,  330.665
353.591,  360.665,  361.616,  362.555
353.671,  331.765,  331.926,  333.015
353.750,  329.865,  332.296,  331.275
353.830,  314.165,  313.646,  317.015
353.909,  351.965,  339.836,  343.655
353.989,  315.365,  317.385,  320.255
354.069,  320.865,  319.456,  319.155
354.148,  338.565,  335.035,  339.585
354.228,  321.165,  315.695,  316.905
354.307,  334.665,  329.405,  332.345
354.387,  321.265,  322.095,  322.965
354.466,  310.965,  311.635,  316.045
354.546,  337.865,  335.135,  337.645
354.625,  318.065,  319.815,  320.355
354.705,  320.765,  324.246,  326.865
354.784,  320.365,  316.445,  318.195
354.864,  310.765,  316.635,  317.385
354.943,  342.565,  333.695,  339.105
355.023,  314.765,  310.996,  312.285
355.102,  370.165,  362.866,  363.435
355.181,  315.765,  315.966,  318.045
355.261,  347.965,  338.056,  342.165
355.340,  314.265,  303.845,  307.115
355.420,  341.765,  340.105,  342.305
355.499,  324.565,  322.975,  325.635
355.578,  317.965,  315.276,  316.885
355.658,  337.065,  332.875,  333.745
355.737,  331.565,  317.576,  319.005
355.816,  334.565,  323.276,  324.605
355.896,  319.865,  316.026,  321.355
355.975,  313.065,  307.355,  310.055
356.054,  311.265,  311.935,  312.455
356.133,  296.765,  290.565,  293.305
356.213,  326.465,  324.845,  324.825
356.292,  304.865,  304.016,  309.325
356.371,  307.665,  314.146,  314.035
356.451,  319.665,  324.755,  327.685
356.530,  349.365,  349.496,  350.795
356.609,  310.965,  311.146,  315.535
356.688,  327.665,  316.475,  316.165
356.767,  313.265,  304.695,  309.855
356.846,  333.265,  327.035,  327.235
356.926,  353.665,  340.016,  343.965
357.005,  309.865,  318.345,  318.565
357.084,  318.365,  304.466,  308.385
357.163,  321.465,  317.706,  317.185
357.242,  321.665,  320.146,  319.515
357.321,  315.765,  314.496,  316.575
357.400,  315.765,  321.236,  318.865
357.479,  317.265,  317.725,  320.795
357.559,  324.065,  321.405,  325.705
357.638,  301.065,  300.616,  298.815
357.717,  326.365,  313.746,  311.555
357.796,  327.165,  329.266,  330.875
357.875,  304.765,  314.466,  313.455
357.954,  315.065,  310.155,  313.855
358.033,  321.465,  323.405,  320.935
358.112,  323.965,  329.966,  328.315
358.191,  313.865,  315.276,  318.965
358.270,  294.165,  295.505,  297.695
358.349,  323.965,  321.625,  323.725
358.428,  326.465,  322.445,  326.125
358.507,  327.365,  321.366,  325.105
358.585,  327.765,  320.355,  325.525
358.664,  329.465,  332.266,  334.505
358.743,  327.465,  323.776,  326.515
358.822,  332.365,  334.475,  338.195
358.901,  311.265,  309.176,  309.505
358.980,  310.265,  310.885,  313.735
359.059,  329.465,  328.616,  332.255
359.138,  321.365,  329.415,  328.565
359.216,  323.865,  322.225,  327.485
359.295,  315.965,  309.475,  309.515
359.374,  328.365,  330.026,  333.455
359.453,  321.965,  316.345,  320.885
359.532,  309.165,  304.526,  308.455
359.610,  313.765,  319.556,  323.285
359.689,  329.165,  331.116,  333.025
359.768,  320.165,  313.706,  315.305
359.847,  310.865,  302.065,  305.385
359.925,  305.265,  304.105,  307.215
360.004,  304.965,  299.565,  302.585
360.083,  316.865,  320.165,  321.795
360.161,  310.665,  305.676,  309.885
360.240,  298.065,  288.725,  291.455
360.319,  316.265,  318.276,  317.225
360.397,  321.465,  324.986,  331.265
360.476,  321.565,  318.296,  324.355
360.555,  350.865,  345.565,  346.835
360.633,  307.265,  304.456,  304.945
360.712,  309.865,  309.056,  311.825
360.790,  331.165,  330.065,  331.185
360.869,  304.965,  310.266,  313.085
360.948,  331.465,  322.466,  322.235
361.026,  307.765,  300.065,  301.245
361.105,  315.465,  306.116,  309.875
361.183,  331.965,  324.725,  326.345
361.262,  305.865,  302.375,  307.465
361.340,  301.665,  305.815,  306.875
361.419,  289.265,  289.896,  290.845
361.497,  345.065,  340.926,  346.955
361.576,  323.165,  317.736,  323.245
361.654,  341.565,  342.736,  343.615
361.733,  297.665,  297.366,  297.305
361.811,  335.065,  329.065,  331.875
361.890,  295.865,  292.595,  293.595
361.968,  323.765,  313.706,  316.715
362.046,  343.665,  335.296,  335.795
362.125,  336.865,  337.435,  340.865
362.203,  328.365,  314.635,  316.745
362.282,  331.665,  328.676,  334.675
362.360,  328.265,  318.315,  323.125
362.438,  308.565,  313.565,  317.495
362.517,  360.565,  357.725,  357.035
362.595,  340.365,  340.956,  345.025
362.673,  338.865,  334.576,  338.035
362.752,  337.665,  326.366,  329.445
362.830,  343.365,  343.155,  338.795
362.908,  326.165,  322.885,  326.315
362.986,  332.565,  333.595,  334.645
363.065,  332.465,  326.405,  330.985
363.143,  363.965,  359.875,  363.525
363.221,  321.465,  313.755,  319.675
363.299,  318.165,  315.845,  315.595
363.378,  319.165,  327.546,  328.495
363.456,  306.065,  304.326,  305.295
363.534,  333.565,  323.996,  327.895
363.612,  333.965,  327.546,  330.285
363.690,  342.765,  337.885,  341.915
363.769,  361.065,  349.336,  354.965
363.847,  331.265,  332.326,  333.935
363.925,  307.665,  303.095,  306.775
364.003,  365.665,  350.866,  351.845
364.081,  343.865,  336.345,  339.765
364.159,  337.465,  331.836,  334.695
364.237,  352.365,  341.276,  343.025
364.315,  336.165,  318.866,  320.765
364.393,  368.165,  350.935,  355.465
364.471,  340.565,  328.185,  329.975
364.549,  355.265,  333.026,  334.495
364.627,  358.165,  323.095,  327.065
364.705,  367.565,  311.135,  310.945
364.783,  431.965,  323.496,  332.235
364.861,  977.665,  331.396,  334.915
364.939, 3528.965,  314.086,  319.855
365.017,  796.565,  306.046,  310.735
365.095,  373.465,  322.116,  324.495
365.173,  372.865,  345.556,  349.605
365.251,  380.065,  341.535,  344.665
365.329,  522.865,  346.466,  345.195
365.407, 1155.765,  318.345,  321.385
365.485,  468.565,  344.826,  348.395
365.563,  361.165,  344.306,  346.815
365.641,  323.365,  331.896,  331.005
365.719,  343.465,  337.095,  336.965
365.796,  348.665,  334.926,  336.075
365.874,  366.865,  347.426,  349.165
365.952,  326.365,  309.516,  312.925
366.030,  341.365,  334.866,  333.525
366.108,  366.765,  326.345,  328.575
366.185,  617.265,  338.396,  343.695
366.263,  873.965,  334.646,  340.035
366.341,  379.665,  334.125,  339.925
366.419,  339.265,  331.535,  331.355
366.496,  349.965,  342.655,  345.225
366.574,  326.965,  325.826,  329.315
366.652,  355.465,  345.296,  349.635
366.730,  376.265,  365.475,  368.065
366.807,  335.665,  330.845,  334.945
366.885,  329.165,  321.135,  327.175
366.963,  339.565,  329.016,  331.635
367.040,  358.865,  345.815,  352.465
367.118,  326.565,  321.875,  325.205
367.196,  352.765,  341.896,  344.715
367.273,  341.165,  335.845,  338.245
367.351,  340.465,  328.155,  331.125
367.428,  363.765,  355.016,  356.915
367.506,  339.365,  329.225,  333.905
367.584,  361.365,  360.216,  363.085
367.661,  342.965,  341.785,  346.585
367.739,  327.365,  328.466,  334.835
367.816,  320.965,  320.345,  324.175
367.894,  348.365,  339.146,  345.755
367.971,  337.865,  329.885,  333.335
368.049,  357.365,  349.586,  353.435
368.126,  316.665,  314.625,  317.265
368.204,  358.065,  351.836,  352.775
368.281,  355.565,  353.225,  355.775
368.359,  355.665,  348.806,  354.965
368.436,  354.365,  342.385,  348.785
368.514,  353.365,  349.646,  351.035
368.591,  342.565,  343.486,  348.405
368.668,  355.565,  347.486,  351.455
368.746,  354.465,  358.556,  362.125
368.823,  337.865,  342.405,  345.515
368.901,  348.265,  339.046,  341.025
368.978,  357.765,  354.975,  361.925
369.055,  350.765,  343.826,  347.145
369.133,  365.465,  367.046,  368.725
369.210,  345.265,  339.206,  342.185
369.287,  377.565,  367.986,  371.205
369.365,  376.865,  368.896,  369.715
369.442,  344.465,  346.826,  351.135
369.519,  306.065,  306.396,  310.475
369.596,  375.465,  369.005,  372.695
369.674,  338.965,  336.526,  336.705
369.751,  369.665,  368.005,  369.405
369.828,  356.565,  350.366,  351.255
369.905,  355.665,  354.796,  358.705
369.983,  326.465,  329.826,  336.485
370.060,  343.265,  335.185,  336.165
370.137,  374.765,  371.595,  373.975
370.214,  341.065,  340.246,  340.845
370.291,  359.965,  347.845,  351.965
370.368,  354.065,  345.426,  349.675
370.446,  348.965,  335.716,  337.375
370.523,  335.365,  331.586,  338.615
370.600,  356.765,  350.706,  356.355
370.677,  349.565,  345.826,  349.525
370.754,  344.565,  341.706,  344.655
370.831,  342.665,  344.885,  347.665
370.908,  373.365,  368.556,  369.945
370.985,  326.865,  326.206,  327.885
371.062,  348.265,  346.635,  347.955
371.139,  360.065,  362.125,  364.815
371.216,  368.565,  357.496,  359.475
371.293,  362.265,  350.576,  350.305
371.370,  335.965,  328.806,  332.395
371.447,  362.065,  354.736,  355.835
371.524,  374.565,  374.685,  378.505
371.601,  365.565,  371.556,  374.285
371.678,  388.865,  374.306,  375.345
371.755,  351.765,  348.526,  348.275
371.832,  379.165,  374.526,  377.175
371.909,  340.065,  342.065,  344.605
371.986,  375.565,  376.505,  379.065
372.063,  345.365,  346.195,  348.745
372.140,  369.765,  354.056,  357.495
372.216,  369.465,  360.225,  360.935
372.293,  339.965,  341.945,  344.805
372.370,  374.265,  370.236,  372.635
372.447,  368.665,  361.646,  361.385
372.524,  354.365,  349.725,  352.115
372.601,  351.465,  353.236,  356.005
372.677,  337.165,  339.586,  339.035
372.754,  354.465,  347.516,  350.955
372.831,  360.765,  354.716,  356.955
372.908,  373.765,  368.496,  364.795
372.984,  359.465,  349.246,  356.035
373.061,  348.365,  342.046,  342.845
373.138,  354.965,  349.986,  354.465
373.215,  350.165,  345.155,  346.585
373.291,  345.665,  347.556,  353.415
373.368,  356.065,  353.516,  357.375
373.445,  343.665,  348.285,  348.395
373.521,  349.865,  349.216,  353.935
373.598,  344.465,  341.766,  343.845
373.675,  338.265,  332.646,  334.115
373.751,  355.865,  345.375,  354.195
373.828,  347.765,  341.076,  346.375
373.904,  389.365,  387.225,  391.935
373.981,  324.665,  332.516,  333.585
374.057,  353.365,  353.306,  355.945
374.134,  335.465,  331.706,  334.435
374.211,  356.665,  348.826,  351.835
374.287,  337.065,  338.565,  339.035
374.364,  376.365,  362.426,  365.335
374.440,  329.165,  319.035,  321.205
374.517,  369.165,  361.625,  366.995
374.593,  327.865,  326.896,  326.865
374.670,  352.665,  340.095,  342.905
374.746,  346.265,  346.915,  349.135
374.823,  368.065,  369.255,  368.775
374.899,  371.165,  366.836,  366.475
374.975,  347.365,  336.035,  341.495
375.052,  326.365,  319.776,  326.175
375.128,  333.565,  325.956,  331.675
375.205,  359.465,  353.665,  355.605
375.281,  336.065,  337.296,  336.395
375.357,  374.265,  361.026,  364.245
375.434,  329.265,  331.986,  338.045
375.510,  349.765,  347.755,  353.175
375.586,  354.165,  347.486,  349.845
375.663,  332.865,  321.926,  323.515
375.739,  354.465,  355.716,  358.675
375.815,  354.965,  346.366,  346.765
375.892,  344.465,  344.516,  348.555
375.968,  334.565,  331.605,  336.855
376.044,  342.565,  335.866,  339.405
376.120,  341.965,  332.535,  339.615
376.197,  352.165,  348.466,  352.185
376.273,  340.165,  340.516,  341.095
376.349,  381.565,  378.366,  379.125
376.425,  362.965,  362.935,  364.425
376.501,  342.265,  344.225,  347.555
376.578,  363.765,  362.885,  363.255
376.654,  395.165,  383.866,  382.945
376.730,  360.765,  360.266,  364.005
376.806,  375.465,  375.185,  376.845
376.882,  370.965,  377.176,  378.355
376.958,  377.365,  376.706,  373.325
377.034,  320.365,  319.695,  317.895
377.111,  370.265,  368.826,  369.285
377.187,  389.565,  390.845,  391.825
377.263,  386.965,  383.885,  384.725
377.339,  344.065,  341.445,  346.375
377.415,  369.765,  366.366,  365.685
377.491,  347.465,  342.885,  347.505
377.567,  364.265,  359.755,  360.685
377.643,  374.765,  380.076,  378.785
377.719,  365.865,  363.706,  367.845
377.795,  351.165,  345.725,  349.165
377.871,  373.465,  367.866,  370.355
377.947,  348.465,  348.236,  351.215
378.023,  346.465,  345.855,  349.075
378.099,  354.865,  349.035,  350.465
378.174,  373.365,  374.176,  374.825
378.250,  371.665,  363.105,  366.955
378.326,  373.865,  366.255,  370.045
378.402,  358.165,  357.685,  360.315
378.478,  371.565,  361.605,  365.295
378.554,  378.865,  370.396,  375.075
378.630,  367.465,  365.225,  365.285
378.706,  375.165,  358.076,  357.335
378.781,  395.765,  390.875,  394.875
378.857,  366.465,  363.185,  366.505
378.933,  374.665,  360.315,  365.855
379.009,  357.865,  351.426,  351.035
379.085,  397.665,  393.826,  391.725
379.160,  384.365,  377.246,  378.485
379.236,  374.465,  374.195,  376.655
379.312,  363.265,  359.915,  361.725
379.387,  351.265,  354.486,  355.105
379.463,  361.165,  359.836,  363.685
379.539,  382.165,  370.475,  373.395
379.615,  368.065,  359.056,  358.495
379.690,  401.765,  395.035,  398.755
379.766,  380.865,  373.276,  379.335
379.842,  397.965,  391.105,  391.375
379.917,  393.465,  380.935,  388.225
379.993,  375.865,  368.366,  373.385
380.068,  367.065,  359.236,  361.755
380.144,  390.565,  381.086,  383.405
380.220,  389.665,  382.086,  386.535
380.295,  355.965,  353.005,  355.035
380.371,  362.265,  359.935,  361.545
380.446,  383.965,  377.165,  381.125
380.522,  355.465,  348.766,  349.425
380.597,  364.165,  360.486,  359.965
380.673,  402.565,  390.456,  394.425
380.748,  366.265,  358.046,  358.445
380.824,  372.765,  367.676,  369.935
380.899,  399.865,  386.216,  388.425
380.975,  362.465,  365.475,  366.905
381.050,  356.765,  352.806,  352.825
381.126,  374.365,  370.526,  373.695
381.201,  405.365,  398.806,  402.495
381.277,  377.065,  373.435,  374.795
381.352,  386.065,  388.105,  390.855
381.427,  380.965,  372.586,  376.025
381.503,  382.565,  378.896,  379.385
381.578,  373.365,  360.605,  365.515
381.653,  379.265,  368.776,  372.375
381.729,  363.765,  361.535,  360.945
381.804,  372.365,  367.475,  368.805
381.879,  398.865,  383.306,  386.055
381.955,  355.565,  354.396,  356.545
382.030,  353.565,  356.556,  357.225
382.105,  373.765,  375.586,  372.555
382.181,  376.765,  367.466,  371.255
382.256,  379.365,  378.116,  374.765
382.331,  381.065,  367.216,  371.745
382.406,  350.665,  353.266,  357.745
382.482,  363.665,  361.315,  357.655
382.557,  361.165,  363.526,  366.745
382.632,  377.265,  370.595,  371.585
382.707,  365.265,  361.135,  365.615
382.782,  366.365,  361.516,  366.275
382.857,  364.765,  358.996,  361.035
382.933,  357.565,  351.776,  352.995
383.008,  346.365,  344.065,  345.165
383.083,  375.865,  376.866,  379.215
383.158,  381.165,  378.866,  381.615
383.233,  356.165,  362.385,  363.105
383.308,  359.765,  359.875,  362.675
383.383,  385.265,  389.445,  391.785
383.458,  372.265,  361.135,  360.475
383.533,  354.865,  342.456,  344.625
383.608,  388.265,  387.885,  390.385
383.683,  398.265,  385.046,  389.585
383.758,  386.765,  380.285,  380.925
383.833,  374.065,  370.296,  371.015
383.908,  341.465,  343.206,  342.165
383.983,  340.565,  346.296,  350.755
384.058,  358.165,  355.246,  357.655
384.133,  368.965,  368.185,  368.575
384.208,  381.965,  376.796,  379.565
384.283,  356.865,  348.736,  351.825
384.358,  386.865,  381.845,  387.485
384.433,  352.665,  357.496,  357.355
384.508,  375.765,  368.966,  373.895
384.583,  366.365,  373.725,  375.265
384.658,  376.265,  367.915,  371.275
384.732,  329.165,  339.456,  339.705
384.807,  363.265,  366.935,  369.005
384.882,  375.065,  371.246,  373.145
384.957,  363.765,  368.095,  371.985
385.032,  380.365,  375.426,  376.555
385.106,  379.165,  370.216,  371.515
385.181,  358.565,  351.385,  357.155
385.256,  375.265,  363.565,  366.745
385.331,  378.665,  371.935,  373.255
385.405,  386.165,  380.975,  381.445
385.480,  372.265,  365.695,  366.715
385.555,  415.665,  399.306,  400.405
385.630,  394.265,  390.956,  395.935
385.704,  375.965,  374.056,  377.105
385.779,  369.565,  364.405,  364.855
385.854,  372.265,  368.746,  369.975
385.928,  360.765,  363.016,  365.315
386.003,  413.165,  402.586,  405.115
386.078,  372.565,  372.466,  374.995
386.152,  415.765,  401.456,  401.815
386.227,  365.965,  357.646,  361.225
386.301,  380.665,  378.725,  380.385
386.376,  359.465,  348.695,  355.015
386.450,  379.565,  378.616,  381.145
386.525,  383.665,  373.556,  377.655
386.600,  395.065,  385.746,  385.925
386.674,  363.765,  364.076,  367.315
386.749,  380.565,  375.095,  381.315
386.823,  397.265,  377.435,  382.095
386.898,  379.965,  379.766,  380.535
386.972,  392.165,  380.966,  385.985
387.047,  375.065,  369.776,  374.355
387.121,  388.265,  379.695,  380.335
387.195,  359.465,  357.875,  359.895
387.270,  386.765,  385.625,  385.415
387.344,  420.765,  404.405,  407.055
387.419,  394.565,  385.665,  393.195
387.493,  374.265,  377.776,  379.825
387.567,  358.465,  355.005,  358.475
387.642,  409.865,  403.586,  405.945
387.716,  368.165,  369.565,  372.245
387.790,  367.465,  367.706,  371.225
387.865,  371.865,  372.806,  373.715
387.939,  407.965,  403.005,  404.415
388.013,  378.765,  384.806,  386.145
388.088,  369.265,  368.655,  370.085
388.162,  373.265,  370.135,  371.835
388.236,  383.065,  372.456,  375.275
388.310,  368.865,  361.966,  364.475
388.385,  398.765,  397.185,  400.845
388.459,  378.865,  379.996,  380.235
388.533,  360.065,  363.676,  362.565
388.607,  366.665,  366.776,  365.955
388.682,  378.265,  374.806,  375.745
388.756,  351.965,  355.035,  360.825
388.830,  390.365,  390.255,  394.075
388.904,  380.565,  378.276,  385.365
388.978,  377.965,  369.535,  370.165
389.052,  385.565,  375.396,  377.225
389.126,  377.965,  370.435,  376.195
389.200,  374.765,  372.665,  377.205
389.275,  370.365,  369.266,  367.695
389.349,  381.365,  374.695,  373.065
389.423,  384.265,  369.565,  369.375
389.497,  392.465,  380.966,  383.775
389.571,  370.265,  368.665,  370.175
389.645,  384.765,  376.806,  379.805
389.719,  372.065,  369.396,  372.955
389.793,  346.565,  346.576,  348.725
389.867,  404.965,  398.035,  402.955
389.941,  382.865,  375.375,  377.215
390.015,  369.965,  361.135,  364.515
390.089,  368.065,  360.426,  362.085
390.163,  383.665,  372.456,  375.935
390.237,  376.765,  375.435,  379.295
390.310,  377.465,  379.276,  382.155
390.384,  380.165,  376.546,  383.625
390.458,  405.565,  400.826,  403.825
390.532,  380.765,  383.496,  386.725
390.606,  373.465,  365.945,  369.265
390.680,  369.665,  366.466,  368.115
390.754,  369.865,  366.385,  368.915
390.827,  388.065,  388.276,  392.645
390.901,  392.065,  391.855,  396.215
390.975,  378.065,  368.905,  370.295
391.049,  376.365,  366.366,  364.315
391.123,  368.765,  362.685,  363.545
391.196,  367.165,  367.635,  367.855
391.270,  381.565,  378.426,  377.835
391.344,  356.065,  360.056,  359.585
391.418,  372.365,  372.975,  372.155
391.491,  373.465,  362.655,  363.995
391.565,  358.265,  362.065,  366.105
391.639,  394.265,  394.345,  397.875
391.712,  388.165,  385.815,  384.375
391.786,  380.665,  382.646,  386.785
391.860,  380.265,  369.385,  370.925
391.933,  370.065,  369.935,  371.115
392.007,  373.165,  371.355,  380.875
392.081,  416.465,  396.456,  399.955
392.154,  380.165,  377.845,  383.895
392.228,  399.365,  391.366,  394.685
392.301,  380.965,  376.266,  381.275
392.375,  393.765,  386.076,  389.995
392.448,  391.265,  379.516,  384.445
392.522,  387.065,  376.236,  379.965
392.595,  373.865,  370.105,  374.245
392.669,  377.965,  376.116,  379.675
392.742,  400.965,  390.975,  396.915
392.816,  398.765,  397.296,  400.205
392.889,  398.665,  392.746,  396.605
392.963,  404.965,  409.095,  409.745
393.036,  388.465,  385.345,  386.785
393.110,  399.965,  391.155,  393.885
393.183,  407.265,  400.836,  405.685
393.257,  424.765,  415.456,  417.745
393.330,  377.565,  365.845,  369.745
393.403,  407.665,  390.486,  395.585
393.477,  365.465,  355.845,  358.875
393.550,  401.965,  390.306,  395.545
393.623,  381.765,  388.396,  388.295
393.697,  402.465,  406.056,  406.835
393.770,  385.365,  376.556,  379.065
393.843,  405.065,  402.996,  406.915
393.917,  406.165,  394.216,  398.485
393.990,  410.265,  409.996,  410.125
394.063,  392.565,  386.855,  392.225
394.136,  386.165,  388.635,  391.675
394.210,  399.365,  393.336,  395.655
394.283,  414.765,  402.785,  407.175
394.356,  401.565,  399.165,  399.175
394.429,  396.365,  396.935,  398.825
394.502,  392.965,  382.016,  383.895
394.576,  417.265,  414.125,  414.715
394.649,  376.165,  378.776,  377.865
394.722,  403.765,  400.896,  403.785
394.795,  418.165,  408.306,  413.185
394.868,  387.165,  384.135,  385.985
394.941,  379.465,  376.435,  375.265
395.014,  422.465,  417.056,  420.205
395.088,  403.565,  398.956,  399.175
395.161,  400.865,  395.466,  398.685
395.234,  412.365,  409.236,  410.735
395.307,  402.465,  402.236,  405.525
395.380,  393.665,  384.736,  385.325
395.453,  436.565,  436.845,  437.285
395.526,  418.565,  408.385,  412.495
395.599,  435.165,  426.926,  430.645
395.672,  398.565,  394.586,  394.895
395.745,  424.065,  417.125,  421.075
395.818,  391.565,  376.306,  378.615
395.891,  399.265,  385.635,  387.695
395.964,  408.865,  415.896,  414.885
396.036,  380.865,  387.486,  384.175
396.109,  399.665,  392.076,  395.785
396.182,  397.165,  396.766,  399.545
396.255,  403.665,  399.225,  398.845
396.328,  416.265,  410.065,  411.075
396.401,  374.165,  370.746,  371.295
396.474,  384.465,  381.086,  381.505
396.547,  402.565,  397.046,  400.645
396.619,  393.565,  390.755,  390.525
396.692,  414.265,  404.866,  411.355
396.765,  368.865,  370.616,  372.985
396.838,  388.765,  388.225,  388.295
396.911,  368.765,  371.266,  373.155
396.983,  394.065,  392.496,  392.385
397.056,  366.665,  372.355,  374.095
397.129,  392.765,  387.796,  389.615
397.201,  386.765,  391.556,  389.605
397.274,  393.265,  385.366,  389.335
397.347,  355.965,  363.345,  363.665
397.420,  389.865,  384.605,  387.195
397.492,  386.765,  388.296,  388.685
397.565,  380.865,  375.915,  379.595
397.637,  374.965,  369.366,  372.085
397.710,  351.265,  351.586,  350.295
397.783,  412.965,  412.855,  414.805
397.855,  346.065,  345.345,  347.055
397.928,  377.665,  368.336,  371.095
398.000,  392.665,  395.866,  396.635
398.073,  380.265,  386.546,  384.745
398.146,  382.165,  376.706,  377.295
398.218,  392.065,  390.255,  393.135
398.291,  387.465,  385.806,  387.915
398.363,  381.365,  381.755,  384.505
398.436,  373.265,  369.855,  374.675
398.508,  375.365,  383.266,  385.345
398.581,  375.265,  378.206,  380.565
398.653,  374.565,  374.255,  373.825
398.726,  379.865,  378.535,  383.385
398.798,  387.565,  383.306,  387.885
398.870,  406.865,  391.116,  396.905
398.943,  368.265,  366.236,  369.775
399.015,  368.565,  365.676,  368.815
399.088,  394.565,  389.655,  388.435
399.160,  361.365,  368.076,  368.815
399.232,  351.365,  350.405,  352.095
399.305,  374.565,  368.435,  372.935
399.377,  374.965,  377.905,  377.535
399.449,  392.565,  386.246,  388.735
399.522,  426.465,  421.875,  424.965
399.594,  371.365,  364.576,  365.315
399.666,  381.065,  382.625,  385.235
399.738,  379.565,  373.336,  375.225
399.811,  376.065,  376.736,  377.025
399.883,  398.265,  386.105,  388.295
399.955,  396.465,  389.855,  389.195
400.027,  346.065,  345.945,  349.545
400.100,  400.565,  407.366,  409.275
400.172,  346.765,  348.296,  349.645
400.244,  376.365,  378.225,  381.195
400.316,  400.765,  393.016,  393.505
400.388,  391.165,  389.385,  393.005
400.460,  366.965,  359.306,  364.605
400.532,  355.465,  350.826,  351.835
400.605,  388.065,  377.736,  384.975
400.677,  404.965,  402.285,  404.675
400.749,  401.765,  395.685,  398.125
400.821,  391.065,  385.956,  388.105
400.893,  379.265,  379.445,  382.305
400.965,  394.865,  386.755,  392.785
401.037,  384.265,  387.565,  392.525
401.109,  379.965,  370.725,  373.835
401.181,  384.465,  380.716,  385.485

